loan_id,no_of_dependents,education,self_employed,income_annum,loan_amount,loan_term,cibil_score,residential_assets_value,commercial_assets_value,luxury_assets_value,bank_asset_value,loan_status
5,5, Not Graduate, Yes,9800000,24200000,20,382,12400000.0,8200000.0,29400000.0,5000000.0, Rejected
6,0, Graduate, Yes,4800000,13500000,10,319,6800000.0,8300000.0,13700000.0,5100000.0, Rejected
7,5, Graduate, No,8700000,33000000,4,678,22500000.0,14800000.0,29200000.0,4300000.0, Approved
9,0, Graduate, Yes,800000,2200000,20,782,1300000.0,800000.0,2800000.0,600000.0, Approved
12,2, Not Graduate, Yes,6700000,22700000,18,538,15300000.0,5800000.0,20400000.0,6400000.0, Rejected
13,3, Not Graduate, Yes,5000000,11600000,16,311,6400000.0,9600000.0,14600000.0,4300000.0, Rejected
14,2, Graduate, Yes,9100000,31500000,14,679,10800000.0,16600000.0,20900000.0,5000000.0, Approved
17,2, Graduate, Yes,500000,1600000,4,663,1300000.0,100000.0,1300000.0,700000.0, Approved
20,5, Graduate, No,6300000,14600000,12,652,10300000.0,3500000.0,23500000.0,5900000.0, Approved
21,2, Graduate, No,5000000,19400000,12,315,9500000.0,1600000.0,18000000.0,6100000.0, Rejected
22,4, Graduate, No,5800000,14000000,16,530,3800000.0,11300000.0,22200000.0,5400000.0, Rejected
23,4, Graduate, Yes,6500000,25700000,18,311,13100000.0,1700000.0,19500000.0,8500000.0, Rejected
25,0, Not Graduate, No,4900000,9800000,16,324,3800000.0,8700000.0,10000000.0,3300000.0, Rejected
26,5, Not Graduate, No,3100000,9500000,20,514,7900000.0,3100000.0,6600000.0,2600000.0, Rejected
27,4, Graduate, No,8200000,28100000,12,696,11500000.0,10600000.0,25300000.0,7200000.0, Approved
29,5, Not Graduate, Yes,7000000,24000000,6,336,2300000.0,11900000.0,27500000.0,9700000.0, Rejected
31,2, Not Graduate, No,9800000,25300000,12,313,20200000.0,5200000.0,25500000.0,9300000.0, Rejected
32,2, Graduate, No,5700000,12000000,6,363,3600000.0,7400000.0,21700000.0,4300000.0, Rejected
33,1, Not Graduate, Yes,800000,1600000,10,436,700000.0,200000.0,2200000.0,1000000.0, Rejected
35,3, Graduate, No,4900000,11900000,8,612,9700000.0,1200000.0,19000000.0,5800000.0, Approved
38,5, Graduate, Yes,8000000,27200000,6,348,6400000.0,300000.0,16700000.0,7100000.0, Rejected
39,5, Graduate, No,3600000,7700000,16,830,7000000.0,1300000.0,10000000.0,2900000.0, Approved
42,2, Not Graduate, No,9100000,24900000,16,822,22300000.0,12100000.0,31000000.0,5200000.0, Approved
43,3, Graduate, No,1400000,3400000,6,540,200000.0,1500000.0,3900000.0,800000.0, Rejected
47,3, Not Graduate, Yes,4200000,14600000,6,679,2400000.0,6900000.0,8700000.0,4900000.0, Approved
48,1, Graduate, Yes,4900000,19100000,14,677,5400000.0,9100000.0,17700000.0,6500000.0, Approved
50,1, Not Graduate, Yes,9500000,19100000,16,662,100000.0,10500000.0,37700000.0,11700000.0, Approved
54,1, Not Graduate, Yes,8400000,23000000,12,657,15400000.0,14800000.0,31900000.0,8200000.0, Approved
56,5, Not Graduate, No,6700000,24500000,12,818,1200000.0,5600000.0,16300000.0,6200000.0, Approved
58,5, Graduate, Yes,9300000,30500000,18,841,19300000.0,10300000.0,34600000.0,8700000.0, Approved
60,4, Not Graduate, Yes,5500000,18200000,16,797,-100000.0,4900000.0,18600000.0,4800000.0, Approved
61,2, Not Graduate, No,8500000,18900000,18,478,23800000.0,16300000.0,25900000.0,11400000.0, Rejected
62,3, Not Graduate, Yes,9600000,30500000,18,669,4700000.0,1900000.0,26500000.0,9300000.0, Approved
63,5, Not Graduate, Yes,8800000,28900000,6,365,24400000.0,8600000.0,27400000.0,4700000.0, Rejected
64,3, Not Graduate, Yes,3300000,7500000,20,586,1600000.0,5600000.0,10500000.0,2900000.0, Approved
67,3, Not Graduate, No,8300000,29100000,10,715,6100000.0,11900000.0,24100000.0,11900000.0, Approved
69,4, Graduate, No,5600000,12400000,4,777,5500000.0,3100000.0,11800000.0,5500000.0, Approved
70,0, Graduate, No,1900000,5000000,12,312,4000000.0,2800000.0,4900000.0,2400000.0, Rejected
73,5, Not Graduate, No,7000000,18300000,4,418,18400000.0,11700000.0,21500000.0,7600000.0, Rejected
74,3, Not Graduate, Yes,5800000,16700000,16,735,3900000.0,9400000.0,12600000.0,5600000.0, Approved
75,2, Not Graduate, No,2600000,8400000,6,494,6500000.0,3800000.0,5600000.0,2000000.0, Rejected
78,0, Graduate, No,9000000,33500000,8,801,11600000.0,8900000.0,35400000.0,11100000.0, Approved
79,2, Not Graduate, No,8500000,29400000,12,576,17600000.0,5600000.0,25200000.0,9000000.0, Approved
81,4, Graduate, No,3500000,8900000,4,470,1300000.0,2200000.0,12300000.0,2000000.0, Rejected
83,2, Not Graduate, Yes,9900000,21200000,16,363,25500000.0,11400000.0,26600000.0,6800000.0, Rejected
84,3, Graduate, No,3600000,8600000,20,613,9400000.0,300000.0,10300000.0,3300000.0, Approved
87,5, Not Graduate, Yes,1100000,3800000,18,387,1300000.0,1200000.0,3800000.0,1600000.0, Rejected
89,4, Graduate, Yes,2000000,8000000,6,837,5100000.0,2600000.0,3900000.0,2900000.0, Approved
90,2, Not Graduate, No,9800000,37600000,10,641,24100000.0,0.0,23400000.0,7600000.0, Approved
92,4, Graduate, No,8800000,20700000,18,540,19200000.0,3200000.0,22400000.0,12700000.0, Rejected
93,4, Graduate, No,3800000,8900000,4,844,9100000.0,3500000.0,13100000.0,4700000.0, Approved
97,2, Graduate, Yes,6600000,15000000,18,470,1200000.0,4800000.0,18200000.0,7000000.0, Rejected
98,2, Not Graduate, No,8700000,25000000,20,861,14700000.0,8500000.0,23200000.0,7300000.0, Approved
101,4, Not Graduate, No,400000,900000,12,478,700000.0,100000.0,1200000.0,100000.0, Rejected
102,2, Not Graduate, Yes,300000,1100000,2,702,300000.0,200000.0,500000.0,200000.0, Approved
104,4, Graduate, No,1600000,4500000,12,633,700000.0,1700000.0,4100000.0,1900000.0, Approved
108,0, Graduate, No,2700000,10600000,6,591,1300000.0,2700000.0,9900000.0,1800000.0, Approved
109,1, Graduate, Yes,9700000,35900000,2,719,19600000.0,7600000.0,20400000.0,10900000.0, Approved
111,0, Not Graduate, No,300000,1100000,8,778,800000.0,200000.0,900000.0,100000.0, Approved
112,3, Graduate, Yes,7400000,18200000,14,302,5600000.0,3100000.0,17900000.0,5000000.0, Rejected
113,5, Not Graduate, No,7100000,19700000,8,502,7300000.0,5600000.0,25300000.0,9800000.0, Rejected
115,1, Not Graduate, No,8400000,23400000,14,437,15400000.0,5800000.0,33400000.0,8100000.0, Rejected
116,0, Not Graduate, Yes,3300000,10800000,12,797,600000.0,6000000.0,7700000.0,3300000.0, Approved
119,0, Not Graduate, No,7200000,15800000,12,379,12700000.0,12200000.0,21500000.0,3600000.0, Rejected
121,5, Graduate, No,900000,2300000,16,545,100000.0,200000.0,2700000.0,800000.0, Rejected
122,2, Graduate, No,800000,3200000,8,317,300000.0,1000000.0,2000000.0,900000.0, Rejected
123,1, Not Graduate, No,8500000,32900000,10,570,5100000.0,6200000.0,20500000.0,5500000.0, Approved
125,3, Graduate, No,7000000,19500000,14,719,12200000.0,10300000.0,18200000.0,10200000.0, Approved
126,3, Graduate, No,200000,600000,16,821,400000.0,100000.0,500000.0,100000.0, Approved
127,4, Not Graduate, Yes,400000,800000,10,859,900000.0,500000.0,800000.0,200000.0, Approved
128,3, Not Graduate, No,5100000,18200000,10,395,100000.0,8000000.0,15500000.0,6300000.0, Rejected
129,2, Not Graduate, Yes,700000,2600000,12,429,1600000.0,1300000.0,2700000.0,800000.0, Rejected
130,3, Graduate, No,400000,1200000,12,861,200000.0,600000.0,1100000.0,200000.0, Approved
131,0, Not Graduate, Yes,9500000,20800000,14,565,15100000.0,11900000.0,33900000.0,13400000.0, Approved
132,5, Graduate, No,8800000,22600000,10,357,7900000.0,8600000.0,18200000.0,4900000.0, Rejected
133,3, Not Graduate, Yes,1800000,3600000,18,465,600000.0,500000.0,5400000.0,2600000.0, Rejected
136,3, Graduate, No,1600000,5500000,12,425,600000.0,800000.0,5400000.0,900000.0, Rejected
139,3, Not Graduate, Yes,2900000,8500000,12,564,1000000.0,3100000.0,7500000.0,1800000.0, Approved
140,0, Graduate, No,200000,700000,8,501,500000.0,200000.0,700000.0,100000.0, Rejected
141,2, Not Graduate, Yes,2500000,9400000,10,727,6600000.0,4100000.0,9500000.0,3300000.0, Approved
143,0, Graduate, Yes,5500000,16700000,18,829,5500000.0,1300000.0,12800000.0,5900000.0, Approved
144,4, Not Graduate, No,6600000,17400000,20,506,2600000.0,10000000.0,25900000.0,7200000.0, Rejected
145,2, Graduate, Yes,8600000,32100000,6,802,9400000.0,16700000.0,24500000.0,9800000.0, Approved
146,5, Not Graduate, No,600000,1500000,14,543,300000.0,900000.0,2100000.0,300000.0, Rejected
147,3, Graduate, Yes,1400000,3200000,20,772,2400000.0,900000.0,5100000.0,1600000.0, Approved
148,3, Graduate, No,4000000,11100000,12,572,9700000.0,100000.0,12500000.0,2400000.0, Approved
149,0, Not Graduate, Yes,4900000,11900000,16,709,14600000.0,900000.0,18500000.0,3800000.0, Approved
150,5, Graduate, No,2000000,6200000,18,402,4000000.0,2100000.0,7200000.0,1100000.0, Rejected
152,5, Graduate, Yes,8900000,28800000,6,772,13600000.0,5500000.0,20400000.0,8400000.0, Approved
153,1, Graduate, Yes,6500000,20600000,2,306,15900000.0,1900000.0,18100000.0,3200000.0, Approved
157,2, Graduate, No,3000000,7700000,12,890,4700000.0,4300000.0,8400000.0,2100000.0, Approved
158,5, Not Graduate, Yes,9900000,33300000,6,364,5300000.0,18700000.0,27800000.0,8300000.0, Rejected
159,5, Graduate, Yes,700000,1300000,20,704,1600000.0,0.0,2200000.0,600000.0, Approved
162,4, Not Graduate, No,4500000,15100000,6,693,3700000.0,1500000.0,17800000.0,6000000.0, Approved
165,2, Graduate, Yes,8100000,22300000,18,737,22300000.0,12600000.0,27000000.0,7300000.0, Approved
166,0, Not Graduate, No,5700000,15900000,16,638,100000.0,9500000.0,16300000.0,4500000.0, Approved
168,1, Graduate, No,1800000,6500000,6,540,2500000.0,3200000.0,5000000.0,1100000.0, Rejected
169,4, Not Graduate, Yes,9100000,35200000,6,341,1000000.0,300000.0,23100000.0,8200000.0, Rejected
172,0, Not Graduate, No,1900000,4100000,18,801,400000.0,800000.0,4800000.0,1200000.0, Approved
177,4, Not Graduate, No,9200000,27200000,12,873,4500000.0,1800000.0,33800000.0,11400000.0, Approved
178,5, Not Graduate, Yes,2400000,8600000,8,309,500000.0,600000.0,5700000.0,2800000.0, Rejected
181,3, Not Graduate, Yes,4500000,17900000,6,787,9800000.0,3600000.0,14300000.0,4200000.0, Approved
182,0, Graduate, Yes,900000,2200000,16,566,100000.0,700000.0,2000000.0,600000.0, Approved
183,0, Not Graduate, No,2800000,9900000,8,742,4900000.0,1300000.0,6700000.0,1700000.0, Approved
185,4, Graduate, No,1400000,3100000,14,575,3000000.0,2100000.0,4900000.0,1400000.0, Approved
186,2, Graduate, Yes,3800000,10900000,10,766,1900000.0,3900000.0,8600000.0,3000000.0, Approved
187,1, Not Graduate, Yes,1700000,5000000,10,888,2900000.0,900000.0,4100000.0,2200000.0, Approved
188,3, Graduate, Yes,9000000,30400000,6,638,16800000.0,11000000.0,26900000.0,9200000.0, Approved
190,1, Not Graduate, No,7400000,19800000,18,458,12600000.0,6200000.0,27700000.0,4000000.0, Rejected
192,0, Not Graduate, No,3000000,6500000,2,612,8800000.0,3400000.0,6700000.0,1700000.0, Approved
196,3, Graduate, No,9200000,27100000,12,306,5800000.0,11500000.0,28000000.0,9600000.0, Rejected
197,4, Not Graduate, Yes,400000,1500000,2,669,-100000.0,600000.0,900000.0,500000.0, Approved
198,2, Not Graduate, No,2800000,6000000,18,816,6300000.0,4200000.0,8000000.0,3400000.0, Approved
199,4, Not Graduate, Yes,8500000,28900000,20,455,15200000.0,5800000.0,22500000.0,9400000.0, Rejected
200,3, Graduate, Yes,4700000,16400000,10,318,11400000.0,8100000.0,16200000.0,4300000.0, Rejected
202,2, Not Graduate, Yes,3800000,8900000,16,389,200000.0,5600000.0,12200000.0,2200000.0, Rejected
204,2, Graduate, Yes,6900000,15600000,6,352,13000000.0,5300000.0,22600000.0,10000000.0, Rejected
207,2, Graduate, No,9800000,20900000,12,768,3400000.0,10200000.0,38600000.0,13400000.0, Approved
208,0, Graduate, No,7100000,15400000,18,707,10300000.0,10800000.0,19600000.0,5800000.0, Approved
210,3, Graduate, No,1400000,3300000,2,652,100000.0,2100000.0,3500000.0,1900000.0, Approved
211,3, Graduate, No,7800000,15900000,2,665,14400000.0,900000.0,27200000.0,5400000.0, Approved
214,5, Not Graduate, No,1900000,7500000,20,715,5100000.0,2800000.0,6500000.0,2800000.0, Approved
215,2, Not Graduate, Yes,6700000,15200000,10,689,0.0,8200000.0,15000000.0,6800000.0, Approved
219,1, Not Graduate, Yes,6800000,17000000,2,744,15500000.0,3900000.0,23700000.0,3500000.0, Approved
220,0, Not Graduate, No,3200000,11300000,6,484,3500000.0,5500000.0,8500000.0,2100000.0, Rejected
223,4, Not Graduate, Yes,3900000,12400000,12,473,6400000.0,4700000.0,13100000.0,3800000.0, Rejected
225,3, Not Graduate, Yes,700000,1700000,8,733,1200000.0,800000.0,2400000.0,500000.0, Approved
227,3, Not Graduate, Yes,5900000,20600000,10,777,1900000.0,4600000.0,21200000.0,6400000.0, Approved
228,4, Graduate, No,7200000,19100000,4,774,9400000.0,7000000.0,17900000.0,3600000.0, Approved
229,1, Not Graduate, Yes,8700000,27000000,10,717,25500000.0,8600000.0,17500000.0,9100000.0, Approved
232,2, Graduate, No,9800000,32400000,2,543,24200000.0,17500000.0,25700000.0,7700000.0, Approved
233,0, Not Graduate, Yes,2700000,6800000,20,796,700000.0,4200000.0,7000000.0,1900000.0, Approved
234,3, Not Graduate, Yes,8800000,34600000,8,386,14800000.0,16500000.0,18400000.0,6000000.0, Rejected
235,5, Not Graduate, Yes,3300000,7800000,16,632,8500000.0,500000.0,7100000.0,4900000.0, Approved
238,3, Graduate, Yes,4100000,15500000,6,667,2800000.0,1600000.0,14700000.0,4000000.0, Approved
239,3, Not Graduate, Yes,4700000,17500000,8,585,1200000.0,3100000.0,9600000.0,4900000.0, Approved
241,2, Graduate, No,9600000,22500000,18,851,7400000.0,16200000.0,24300000.0,12700000.0, Approved
242,3, Not Graduate, Yes,7000000,16200000,6,378,20000000.0,12600000.0,20300000.0,5500000.0, Rejected
243,5, Graduate, No,5700000,12900000,18,807,4100000.0,900000.0,18600000.0,5500000.0, Approved
245,2, Not Graduate, No,2100000,5100000,12,674,2200000.0,3200000.0,6400000.0,2400000.0, Approved
247,2, Not Graduate, No,8000000,29300000,4,600,16500000.0,13200000.0,29400000.0,6500000.0, Approved
248,0, Not Graduate, Yes,9400000,27000000,10,536,4400000.0,1700000.0,33800000.0,4800000.0, Rejected
249,0, Graduate, No,8400000,20600000,10,477,1500000.0,1500000.0,25000000.0,11900000.0, Rejected
251,0, Not Graduate, Yes,4200000,16400000,20,539,9500000.0,2100000.0,11400000.0,3100000.0, Rejected
253,3, Not Graduate, No,3700000,8500000,20,853,8300000.0,5700000.0,7500000.0,4900000.0, Approved
255,2, Not Graduate, No,2100000,4700000,2,546,6000000.0,3200000.0,5700000.0,1500000.0, Rejected
256,3, Graduate, Yes,900000,2400000,10,489,800000.0,0.0,2800000.0,500000.0, Rejected
257,3, Graduate, Yes,9800000,35400000,6,869,14400000.0,16400000.0,22800000.0,10300000.0, Approved
258,2, Not Graduate, No,8000000,20000000,2,502,4100000.0,2200000.0,31600000.0,9900000.0, Rejected
260,0, Not Graduate, Yes,300000,1100000,8,789,400000.0,100000.0,800000.0,400000.0, Approved
262,3, Graduate, Yes,7400000,19600000,2,716,4100000.0,8900000.0,29100000.0,4200000.0, Approved
263,3, Graduate, No,9200000,34300000,18,523,25600000.0,4000000.0,29100000.0,8800000.0, Rejected
264,5, Not Graduate, No,9500000,22200000,20,352,24500000.0,0.0,30800000.0,7000000.0, Rejected
265,5, Graduate, Yes,3800000,14400000,2,345,3300000.0,800000.0,13000000.0,4700000.0, Approved
271,5, Not Graduate, No,5200000,12200000,20,513,13400000.0,2000000.0,16800000.0,5400000.0, Rejected
272,5, Graduate, No,9400000,27900000,4,870,1100000.0,200000.0,29500000.0,10400000.0, Approved
276,1, Not Graduate, No,7000000,23000000,10,886,14000000.0,3700000.0,26700000.0,3600000.0, Approved
277,4, Not Graduate, No,1700000,4000000,6,829,0.0,1600000.0,5200000.0,1700000.0, Approved
279,4, Not Graduate, No,2000000,4700000,18,733,3700000.0,3700000.0,7000000.0,2800000.0, Approved
283,0, Graduate, Yes,2800000,7800000,10,405,7800000.0,2500000.0,7100000.0,3400000.0, Rejected
284,3, Graduate, Yes,6800000,19900000,10,516,16000000.0,6000000.0,26000000.0,8500000.0, Rejected
285,4, Not Graduate, Yes,600000,1800000,8,417,1700000.0,700000.0,1800000.0,800000.0, Rejected
286,1, Not Graduate, No,4700000,14000000,6,468,11300000.0,1800000.0,10600000.0,4600000.0, Rejected
288,5, Not Graduate, No,4000000,13900000,6,530,6000000.0,5600000.0,12500000.0,6000000.0, Rejected
290,1, Not Graduate, Yes,7700000,25500000,12,549,18100000.0,10600000.0,20500000.0,7000000.0, Rejected
291,5, Not Graduate, Yes,4300000,9300000,10,450,2100000.0,6700000.0,10000000.0,4100000.0, Rejected
294,0, Not Graduate, Yes,2900000,7600000,8,320,8000000.0,5600000.0,9600000.0,3100000.0, Rejected
296,1, Not Graduate, Yes,300000,1000000,10,431,400000.0,500000.0,900000.0,100000.0, Rejected
297,5, Not Graduate, Yes,8600000,28900000,8,516,9900000.0,1800000.0,30200000.0,6800000.0, Rejected
300,2, Graduate, No,8000000,27100000,12,674,14400000.0,400000.0,25300000.0,6400000.0, Approved
301,0, Not Graduate, Yes,9900000,38200000,6,573,17200000.0,10000000.0,20100000.0,5900000.0, Approved
305,5, Not Graduate, Yes,9200000,23600000,12,656,1400000.0,11200000.0,36400000.0,4900000.0, Approved
308,3, Not Graduate, No,1400000,4100000,8,455,3000000.0,1400000.0,2900000.0,2100000.0, Rejected
313,2, Graduate, Yes,2200000,5100000,20,859,3800000.0,1200000.0,6400000.0,3100000.0, Approved
314,4, Graduate, Yes,5600000,14100000,14,696,9000000.0,9200000.0,16500000.0,6800000.0, Approved
315,4, Not Graduate, No,9800000,28700000,6,778,16600000.0,7400000.0,29700000.0,11100000.0, Approved
320,4, Not Graduate, Yes,2300000,7800000,8,540,1500000.0,3400000.0,4700000.0,2800000.0, Rejected
321,4, Graduate, Yes,5900000,19600000,8,726,17400000.0,6800000.0,20100000.0,8000000.0, Approved
324,3, Not Graduate, Yes,9500000,24200000,8,879,3100000.0,17200000.0,26400000.0,12700000.0, Approved
325,2, Not Graduate, No,5700000,16400000,12,708,3700000.0,800000.0,15000000.0,4400000.0, Approved
326,2, Not Graduate, Yes,2700000,5700000,8,850,3500000.0,5000000.0,10500000.0,3900000.0, Approved
328,0, Not Graduate, No,7800000,28800000,12,465,4700000.0,7500000.0,28800000.0,7400000.0, Rejected
330,4, Not Graduate, No,200000,600000,10,404,0.0,100000.0,400000.0,0.0, Rejected
331,0, Not Graduate, Yes,4700000,10600000,20,512,8400000.0,4000000.0,12300000.0,7000000.0, Rejected
333,2, Not Graduate, Yes,4600000,18400000,2,555,7700000.0,2400000.0,14200000.0,4200000.0, Approved
334,5, Not Graduate, No,1800000,7000000,18,466,2600000.0,2100000.0,6000000.0,1900000.0, Rejected
335,3, Graduate, Yes,3200000,8600000,2,427,3900000.0,1800000.0,7100000.0,4700000.0, Rejected
336,4, Not Graduate, Yes,5500000,20000000,14,593,15100000.0,2700000.0,19900000.0,4900000.0, Approved
338,1, Graduate, Yes,4000000,10100000,16,451,7000000.0,3900000.0,14300000.0,3900000.0, Rejected
341,2, Not Graduate, No,6800000,23500000,12,341,19300000.0,11800000.0,14300000.0,8500000.0, Rejected
344,1, Graduate, Yes,3700000,12600000,10,424,5400000.0,1100000.0,14200000.0,4400000.0, Rejected
345,0, Graduate, No,2600000,5100000,14,678,500000.0,1200000.0,6000000.0,3100000.0, Approved
347,5, Graduate, Yes,8000000,28000000,10,449,18500000.0,1500000.0,17400000.0,3900000.0, Rejected
349,0, Not Graduate, No,2000000,7000000,6,666,0.0,1200000.0,4300000.0,1400000.0, Rejected
350,4, Not Graduate, Yes,5800000,13300000,14,742,16100000.0,9300000.0,16300000.0,7000000.0, Approved
352,2, Graduate, No,7300000,28700000,14,634,5900000.0,3800000.0,21200000.0,10800000.0, Approved
354,0, Graduate, No,3000000,7000000,10,781,7200000.0,600000.0,11700000.0,2700000.0, Approved
355,4, Not Graduate, No,7900000,17200000,14,318,14200000.0,9500000.0,23200000.0,9000000.0, Rejected
357,5, Not Graduate, No,3700000,9800000,4,563,9500000.0,5100000.0,11200000.0,3000000.0, Approved
358,2, Not Graduate, No,8400000,26300000,4,419,22900000.0,7900000.0,29200000.0,6200000.0, Approved
362,0, Graduate, No,4400000,14100000,2,349,3300000.0,1300000.0,8800000.0,6200000.0, Approved
363,1, Not Graduate, Yes,9000000,32200000,16,468,4500000.0,16400000.0,28600000.0,10900000.0, Rejected
364,3, Not Graduate, Yes,6800000,26900000,16,818,14700000.0,10400000.0,26300000.0,7300000.0, Approved
366,3, Graduate, No,9400000,21900000,16,685,8100000.0,5600000.0,34500000.0,5000000.0, Approved
368,1, Not Graduate, Yes,9400000,29800000,10,377,24100000.0,18500000.0,30900000.0,11700000.0, Rejected
370,3, Graduate, Yes,900000,2300000,20,611,600000.0,1500000.0,1900000.0,500000.0, Approved
371,4, Not Graduate, No,2100000,7700000,4,767,1200000.0,1700000.0,6900000.0,1300000.0, Approved
372,5, Graduate, Yes,1100000,3200000,20,592,3200000.0,700000.0,3500000.0,500000.0, Approved
378,4, Graduate, Yes,9500000,23500000,14,380,22900000.0,6700000.0,25100000.0,7300000.0, Rejected
379,2, Not Graduate, Yes,5000000,17600000,20,465,6200000.0,5200000.0,16500000.0,5200000.0, Rejected
380,0, Not Graduate, No,500000,1800000,2,531,1300000.0,500000.0,1900000.0,700000.0, Approved
381,1, Graduate, Yes,8300000,32100000,16,814,18500000.0,2700000.0,28900000.0,7500000.0, Approved
383,2, Not Graduate, Yes,9300000,29000000,12,655,7900000.0,6800000.0,29900000.0,4900000.0, Approved
384,3, Not Graduate, No,2300000,7400000,2,682,6500000.0,2400000.0,7600000.0,2100000.0, Approved
385,1, Not Graduate, No,400000,1300000,6,695,200000.0,500000.0,800000.0,100000.0, Approved
388,1, Graduate, No,2300000,6600000,2,357,5900000.0,200000.0,6000000.0,2200000.0, Rejected
389,5, Not Graduate, No,4300000,14500000,12,302,12500000.0,4300000.0,12500000.0,5100000.0, Rejected
390,0, Graduate, Yes,6200000,22400000,18,873,15700000.0,6600000.0,15800000.0,8200000.0, Approved
391,0, Not Graduate, Yes,7200000,19800000,12,658,12700000.0,8100000.0,25000000.0,7300000.0, Approved
395,4, Not Graduate, Yes,2200000,8200000,14,737,5800000.0,2800000.0,8200000.0,1400000.0, Approved
397,0, Graduate, No,600000,1700000,2,621,400000.0,400000.0,2000000.0,200000.0, Approved
398,4, Graduate, Yes,700000,2700000,16,583,1100000.0,1200000.0,1400000.0,300000.0, Approved
402,5, Graduate, No,3700000,7300000,18,339,9300000.0,100000.0,13900000.0,5300000.0, Rejected
403,3, Graduate, Yes,5200000,15200000,16,650,1300000.0,5700000.0,13500000.0,4100000.0, Approved
405,3, Graduate, No,500000,1000000,20,501,800000.0,800000.0,900000.0,200000.0, Rejected
407,5, Graduate, Yes,9200000,29400000,8,318,18000000.0,5900000.0,33800000.0,5400000.0, Rejected
408,4, Not Graduate, No,900000,3300000,10,649,0.0,400000.0,1800000.0,1200000.0, Approved
411,5, Graduate, No,7100000,18900000,12,360,10700000.0,1100000.0,19800000.0,8500000.0, Rejected
412,1, Graduate, Yes,3500000,7200000,2,865,4100000.0,3200000.0,11900000.0,4200000.0, Approved
413,4, Not Graduate, No,4900000,18800000,16,880,4200000.0,4700000.0,13200000.0,2600000.0, Approved
414,1, Graduate, No,4100000,8400000,20,608,1400000.0,8000000.0,10000000.0,4400000.0, Approved
417,0, Graduate, Yes,6100000,23300000,12,478,3800000.0,2300000.0,17700000.0,4900000.0, Rejected
419,0, Graduate, No,3100000,9300000,6,663,1300000.0,1400000.0,8100000.0,3800000.0, Approved
420,2, Not Graduate, Yes,1700000,3500000,20,693,2200000.0,1400000.0,4800000.0,1700000.0, Approved
422,4, Not Graduate, Yes,4000000,14500000,6,711,2400000.0,5700000.0,10900000.0,4100000.0, Approved
423,5, Graduate, No,5600000,18400000,8,386,11300000.0,6700000.0,11300000.0,5600000.0, Rejected
425,4, Graduate, Yes,6100000,15300000,14,573,1100000.0,9900000.0,13300000.0,8400000.0, Approved
432,1, Graduate, No,1100000,3500000,8,562,2300000.0,1200000.0,3200000.0,500000.0, Approved
433,3, Not Graduate, No,5600000,18700000,2,769,8000000.0,8200000.0,17300000.0,4800000.0, Approved
435,3, Graduate, No,8800000,18100000,6,699,6400000.0,2100000.0,18500000.0,9400000.0, Approved
436,0, Not Graduate, No,8400000,20800000,20,590,5100000.0,8900000.0,32100000.0,10800000.0, Approved
437,3, Graduate, Yes,1600000,5700000,4,707,3300000.0,2700000.0,6200000.0,2300000.0, Approved
438,3, Not Graduate, Yes,4500000,11400000,8,391,8500000.0,6800000.0,9900000.0,4500000.0, Rejected
441,3, Not Graduate, No,4700000,16700000,12,775,4000000.0,1700000.0,17300000.0,3500000.0, Approved
443,5, Graduate, No,8000000,26700000,20,794,8000000.0,14700000.0,29900000.0,7800000.0, Approved
444,2, Graduate, No,7700000,16700000,6,555,12900000.0,2900000.0,18100000.0,8500000.0, Approved
446,2, Not Graduate, No,700000,1700000,10,839,100000.0,700000.0,2000000.0,900000.0, Approved
447,0, Graduate, Yes,1400000,5100000,6,890,4100000.0,1900000.0,5200000.0,1900000.0, Approved
448,1, Graduate, Yes,8600000,27900000,20,415,12200000.0,14800000.0,27100000.0,7900000.0, Rejected
450,3, Graduate, Yes,2900000,5800000,12,353,8400000.0,2600000.0,10100000.0,3100000.0, Rejected
451,4, Not Graduate, No,9000000,29000000,16,590,4600000.0,15600000.0,29200000.0,12300000.0, Approved
452,5, Graduate, Yes,500000,900000,18,618,1400000.0,600000.0,1200000.0,400000.0, Approved
453,2, Not Graduate, Yes,700000,1700000,10,539,1400000.0,1000000.0,1900000.0,900000.0, Rejected
457,4, Graduate, Yes,5400000,21500000,14,555,4300000.0,1500000.0,14300000.0,7500000.0, Approved
459,0, Graduate, No,7400000,20900000,6,635,15600000.0,14000000.0,21000000.0,7200000.0, Approved
461,1, Graduate, Yes,5400000,21400000,8,350,2600000.0,1000000.0,19700000.0,6800000.0, Rejected
462,5, Graduate, Yes,1000000,2500000,14,885,2200000.0,100000.0,2300000.0,1100000.0, Approved
464,1, Graduate, Yes,3800000,10500000,12,710,1800000.0,6200000.0,12500000.0,2500000.0, Approved
465,3, Not Graduate, Yes,6100000,20900000,18,470,500000.0,8500000.0,18000000.0,7500000.0, Rejected
466,5, Not Graduate, Yes,5500000,17300000,16,874,1000000.0,2900000.0,13700000.0,7900000.0, Approved
467,5, Not Graduate, Yes,500000,1800000,18,411,1000000.0,500000.0,1300000.0,200000.0, Rejected
469,1, Graduate, Yes,6200000,16900000,2,396,10600000.0,7500000.0,23700000.0,7600000.0, Rejected
470,0, Not Graduate, No,300000,900000,20,436,0.0,400000.0,600000.0,200000.0, Rejected
471,0, Not Graduate, Yes,6900000,22100000,20,303,13600000.0,4600000.0,22000000.0,6900000.0, Rejected
472,4, Graduate, No,3700000,11400000,12,728,4200000.0,5800000.0,7300000.0,2300000.0, Approved
473,3, Not Graduate, Yes,8800000,28600000,10,775,5200000.0,5000000.0,32000000.0,9600000.0, Approved
477,4, Not Graduate, No,4100000,13500000,18,490,4700000.0,6200000.0,13900000.0,2000000.0, Rejected
479,3, Not Graduate, Yes,3600000,8600000,8,790,5400000.0,5900000.0,9800000.0,5200000.0, Approved
480,1, Not Graduate, Yes,700000,2700000,20,669,100000.0,1000000.0,2600000.0,500000.0, Approved
481,4, Not Graduate, No,8300000,30700000,6,381,21700000.0,2300000.0,26700000.0,4600000.0, Rejected
482,0, Graduate, Yes,5300000,15000000,2,900,1700000.0,2100000.0,21000000.0,5800000.0, Approved
483,4, Graduate, No,8300000,24900000,16,506,15400000.0,5600000.0,26700000.0,7000000.0, Rejected
485,3, Graduate, Yes,5400000,14400000,8,677,11000000.0,7900000.0,20800000.0,3100000.0, Approved
486,4, Graduate, No,1600000,4900000,8,685,3200000.0,2000000.0,3800000.0,1500000.0, Approved
488,5, Not Graduate, No,6300000,14800000,6,608,16100000.0,10500000.0,21800000.0,5400000.0, Approved
493,2, Graduate, Yes,8600000,28800000,8,890,23300000.0,5900000.0,21200000.0,7200000.0, Approved
495,5, Not Graduate, No,2300000,5700000,18,329,5600000.0,3300000.0,4900000.0,2700000.0, Rejected
496,2, Not Graduate, Yes,2400000,5400000,12,739,300000.0,2500000.0,5000000.0,3000000.0, Approved
497,5, Graduate, Yes,9800000,30300000,6,867,20800000.0,16000000.0,30200000.0,7600000.0, Approved
499,3, Graduate, No,6700000,15500000,18,492,2100000.0,2000000.0,26300000.0,9400000.0, Rejected
501,2, Graduate, No,200000,700000,8,851,400000.0,200000.0,800000.0,200000.0, Approved
502,2, Graduate, No,4700000,12500000,14,375,1300000.0,6300000.0,10100000.0,5400000.0, Rejected
503,0, Graduate, Yes,4300000,14300000,14,601,3800000.0,900000.0,16700000.0,5700000.0, Approved
504,4, Not Graduate, No,2200000,7000000,20,756,3600000.0,3900000.0,5700000.0,1200000.0, Approved
507,4, Not Graduate, Yes,4200000,15900000,14,375,7200000.0,7900000.0,16200000.0,3000000.0, Rejected
508,0, Not Graduate, Yes,5100000,12500000,18,778,3300000.0,1000000.0,14800000.0,3200000.0, Approved
509,2, Graduate, Yes,4100000,11200000,6,442,12200000.0,4100000.0,10000000.0,4500000.0, Rejected
510,1, Graduate, Yes,9900000,39500000,12,808,11800000.0,3700000.0,30200000.0,13500000.0, Approved
511,1, Not Graduate, Yes,3200000,9000000,20,372,2700000.0,2800000.0,7200000.0,3800000.0, Rejected
512,2, Graduate, No,5500000,19000000,4,597,1100000.0,4000000.0,18700000.0,5300000.0, Approved
513,0, Graduate, Yes,7800000,29100000,20,435,21100000.0,13000000.0,17300000.0,9700000.0, Rejected
514,3, Graduate, Yes,3400000,9700000,20,728,1500000.0,1500000.0,7300000.0,2400000.0, Approved
516,3, Graduate, Yes,8900000,18500000,10,367,6100000.0,0.0,32000000.0,10300000.0, Rejected
518,4, Not Graduate, Yes,3300000,10600000,8,465,500000.0,4400000.0,7300000.0,2800000.0, Rejected
519,4, Graduate, Yes,2900000,10500000,8,607,4400000.0,5500000.0,7600000.0,3800000.0, Approved
520,2, Graduate, Yes,500000,1300000,4,427,1400000.0,500000.0,1800000.0,600000.0, Rejected
521,3, Not Graduate, No,7200000,21200000,4,711,10800000.0,4200000.0,24900000.0,5700000.0, Approved
522,3, Not Graduate, No,8300000,24100000,14,823,5900000.0,700000.0,24000000.0,7700000.0, Approved
523,1, Not Graduate, Yes,8700000,20500000,6,523,19300000.0,6500000.0,23700000.0,4800000.0, Rejected
527,0, Not Graduate, No,2400000,5000000,14,580,5900000.0,4400000.0,5500000.0,3200000.0, Approved
530,2, Graduate, No,4600000,13500000,16,587,7700000.0,5900000.0,10600000.0,5000000.0, Approved
531,5, Graduate, Yes,9900000,31800000,18,817,23400000.0,700000.0,32600000.0,11500000.0, Approved
533,5, Graduate, Yes,6900000,23900000,6,382,17100000.0,6900000.0,21500000.0,8900000.0, Rejected
534,2, Graduate, Yes,1700000,4300000,6,765,5000000.0,1500000.0,3400000.0,900000.0, Approved
535,2, Graduate, Yes,4400000,10000000,20,516,7400000.0,7600000.0,12200000.0,5100000.0, Rejected
539,5, Not Graduate, Yes,8600000,26300000,10,843,23300000.0,9800000.0,18100000.0,11300000.0, Approved
542,1, Not Graduate, Yes,4400000,14200000,16,409,12700000.0,1300000.0,12600000.0,4500000.0, Rejected
543,0, Not Graduate, No,3600000,7800000,14,376,9800000.0,6900000.0,11900000.0,3000000.0, Rejected
545,0, Not Graduate, No,5300000,10900000,18,707,12900000.0,2600000.0,12700000.0,7600000.0, Approved
546,3, Graduate, Yes,9400000,20500000,6,645,17400000.0,13000000.0,24500000.0,10200000.0, Approved
548,5, Graduate, No,9800000,37600000,18,319,19200000.0,5100000.0,19900000.0,5100000.0, Rejected
550,2, Not Graduate, Yes,5800000,22500000,6,888,11900000.0,2600000.0,17100000.0,4800000.0, Approved
551,2, Not Graduate, No,3100000,10400000,10,420,6900000.0,5900000.0,10000000.0,3500000.0, Rejected
555,3, Not Graduate, Yes,9500000,22800000,6,319,200000.0,18800000.0,34100000.0,9400000.0, Rejected
556,5, Not Graduate, Yes,6200000,22200000,20,819,13500000.0,6600000.0,21700000.0,8700000.0, Approved
557,4, Not Graduate, Yes,9700000,32300000,18,387,11600000.0,14300000.0,20000000.0,5400000.0, Rejected
558,5, Graduate, Yes,4200000,12300000,2,686,10500000.0,200000.0,15600000.0,4200000.0, Approved
560,2, Graduate, Yes,200000,500000,6,885,-100000.0,0.0,300000.0,200000.0, Rejected
561,4, Graduate, No,8000000,25500000,4,722,17200000.0,13900000.0,26200000.0,4900000.0, Approved
562,4, Graduate, No,5200000,20400000,20,761,4700000.0,1600000.0,14300000.0,6200000.0, Approved
564,1, Graduate, Yes,9300000,27900000,12,600,2100000.0,4200000.0,29000000.0,6600000.0, Approved
565,5, Graduate, No,2000000,6100000,2,407,1900000.0,1900000.0,4600000.0,2000000.0, Approved
566,3, Graduate, Yes,3900000,14000000,18,829,5200000.0,4000000.0,11600000.0,2700000.0, Approved
568,5, Graduate, Yes,3000000,11100000,12,441,8500000.0,2500000.0,7300000.0,2000000.0, Rejected
569,4, Not Graduate, No,4500000,9800000,16,895,9800000.0,8200000.0,13900000.0,5500000.0, Approved
571,1, Graduate, No,2300000,7200000,8,453,3000000.0,2100000.0,8100000.0,3400000.0, Rejected
572,0, Graduate, No,4700000,17500000,2,701,5400000.0,2300000.0,11700000.0,7000000.0, Approved
573,2, Not Graduate, Yes,1300000,2700000,8,627,100000.0,300000.0,2600000.0,1300000.0, Approved
576,5, Graduate, Yes,1700000,5800000,4,583,2000000.0,1800000.0,6000000.0,2300000.0, Approved
577,2, Not Graduate, No,1900000,7500000,2,889,600000.0,1100000.0,7100000.0,2600000.0, Approved
578,3, Not Graduate, No,2400000,8600000,8,684,3400000.0,2400000.0,6200000.0,1600000.0, Approved
581,4, Graduate, Yes,8900000,26300000,10,369,23900000.0,7000000.0,27400000.0,12100000.0, Rejected
585,4, Graduate, Yes,9500000,31800000,6,519,5900000.0,1300000.0,28400000.0,12200000.0, Rejected
589,5, Not Graduate, Yes,1100000,2800000,10,647,2700000.0,2000000.0,4300000.0,1400000.0, Approved
593,5, Graduate, No,800000,2200000,6,493,900000.0,500000.0,2800000.0,1000000.0, Rejected
595,2, Graduate, No,4400000,12500000,18,492,7900000.0,1200000.0,10100000.0,2700000.0, Rejected
597,3, Not Graduate, Yes,6200000,14600000,2,664,18300000.0,8400000.0,16800000.0,6600000.0, Approved
598,5, Graduate, Yes,700000,1300000,16,362,2100000.0,1300000.0,2000000.0,1000000.0, Rejected
599,0, Graduate, No,3400000,9400000,6,703,600000.0,6000000.0,8600000.0,2600000.0, Approved
602,0, Graduate, Yes,5300000,10600000,2,828,8100000.0,6700000.0,17400000.0,5800000.0, Approved
603,5, Graduate, Yes,3700000,10000000,20,709,8000000.0,800000.0,12000000.0,2200000.0, Approved
605,2, Graduate, Yes,4300000,16000000,14,623,9800000.0,6700000.0,17000000.0,4500000.0, Approved
606,4, Not Graduate, Yes,7100000,24500000,14,599,9100000.0,7000000.0,20400000.0,6800000.0, Approved
608,0, Not Graduate, No,6000000,13100000,6,385,16600000.0,7600000.0,22000000.0,7400000.0, Rejected
609,4, Graduate, Yes,4100000,12500000,2,579,10900000.0,7200000.0,12200000.0,2000000.0, Approved
610,4, Not Graduate, No,8300000,17900000,20,846,12700000.0,1300000.0,26800000.0,12200000.0, Approved
611,3, Graduate, No,8100000,23900000,10,449,7100000.0,6100000.0,28300000.0,8900000.0, Rejected
612,1, Not Graduate, No,7200000,24900000,14,666,3600000.0,11600000.0,16600000.0,5800000.0, Approved
613,5, Graduate, No,7200000,17500000,4,380,2300000.0,400000.0,17500000.0,6200000.0, Rejected
614,2, Graduate, Yes,3500000,8100000,4,589,3800000.0,6700000.0,12500000.0,2700000.0, Approved
615,1, Graduate, No,6200000,19500000,12,845,9100000.0,2900000.0,15300000.0,4000000.0, Approved
616,3, Not Graduate, No,5200000,17300000,10,401,2600000.0,1400000.0,12700000.0,6400000.0, Rejected
617,0, Not Graduate, No,4500000,14500000,2,766,6100000.0,8400000.0,17200000.0,6600000.0, Approved
619,3, Not Graduate, Yes,2000000,6900000,6,834,2200000.0,2800000.0,6400000.0,3000000.0, Approved
620,3, Graduate, No,8900000,25400000,8,588,19400000.0,12100000.0,18800000.0,4500000.0, Approved
621,2, Graduate, No,5000000,10600000,4,570,11900000.0,900000.0,14800000.0,7100000.0, Approved
622,2, Graduate, No,4900000,17600000,6,860,13600000.0,7500000.0,12700000.0,5600000.0, Approved
623,4, Graduate, Yes,5300000,19200000,4,655,14200000.0,6900000.0,17800000.0,3900000.0, Approved
625,5, Graduate, Yes,700000,2100000,14,863,100000.0,1200000.0,2700000.0,600000.0, Approved
626,3, Not Graduate, Yes,5900000,18900000,4,742,10800000.0,4500000.0,23200000.0,8000000.0, Approved
627,3, Graduate, No,3500000,13300000,4,798,7400000.0,5300000.0,12100000.0,3600000.0, Approved
628,5, Not Graduate, Yes,7700000,18900000,16,552,15600000.0,6100000.0,23900000.0,6600000.0, Approved
631,1, Not Graduate, Yes,9000000,29900000,2,668,22100000.0,7200000.0,24400000.0,4700000.0, Approved
632,2, Not Graduate, No,8900000,29200000,8,608,10800000.0,5200000.0,33500000.0,11700000.0, Approved
633,5, Not Graduate, No,6500000,13800000,10,342,15300000.0,2300000.0,14400000.0,7300000.0, Rejected
634,4, Not Graduate, Yes,8100000,18000000,8,817,1400000.0,7800000.0,16900000.0,10800000.0, Approved
639,1, Graduate, Yes,5200000,19500000,12,778,5200000.0,4300000.0,19900000.0,5800000.0, Approved
640,5, Not Graduate, Yes,2000000,7400000,14,799,3600000.0,3700000.0,4300000.0,1100000.0, Approved
641,3, Graduate, No,4600000,17800000,20,716,12600000.0,2600000.0,10800000.0,4500000.0, Approved
643,0, Not Graduate, No,9300000,20100000,10,743,4800000.0,1800000.0,21900000.0,13600000.0, Approved
645,3, Not Graduate, No,4100000,8500000,2,833,12000000.0,0.0,16200000.0,3400000.0, Approved
648,0, Graduate, No,3000000,9600000,12,620,7900000.0,0.0,8600000.0,3600000.0, Approved
650,4, Graduate, Yes,5100000,14000000,12,459,9800000.0,0.0,10400000.0,6800000.0, Rejected
651,0, Graduate, Yes,9800000,32600000,10,704,7000000.0,12100000.0,30000000.0,4900000.0, Approved
652,1, Graduate, Yes,1600000,4100000,6,391,4300000.0,1400000.0,5700000.0,700000.0, Rejected
656,3, Not Graduate, No,9500000,20400000,14,376,2300000.0,6600000.0,25900000.0,8400000.0, Rejected
657,0, Graduate, Yes,3700000,8500000,8,424,1900000.0,5600000.0,14800000.0,4100000.0, Rejected
658,5, Graduate, Yes,7100000,20800000,6,442,2900000.0,7100000.0,28200000.0,7100000.0, Rejected
659,5, Not Graduate, No,5600000,17600000,14,448,6700000.0,3500000.0,18900000.0,6800000.0, Rejected
660,0, Graduate, Yes,1200000,2700000,2,638,1500000.0,500000.0,2700000.0,1500000.0, Approved
662,4, Not Graduate, Yes,1600000,4800000,20,641,4200000.0,1000000.0,4100000.0,1400000.0, Approved
665,4, Not Graduate, Yes,9400000,35000000,10,517,10700000.0,15100000.0,27500000.0,6700000.0, Rejected
666,3, Not Graduate, No,5900000,22400000,6,375,6500000.0,10500000.0,18100000.0,4800000.0, Rejected
668,4, Graduate, Yes,3100000,11500000,14,785,3200000.0,3100000.0,9100000.0,4200000.0, Approved
669,4, Not Graduate, No,2200000,8600000,20,373,4100000.0,1300000.0,5900000.0,1400000.0, Rejected
670,1, Graduate, No,6000000,20100000,6,476,13900000.0,10000000.0,15200000.0,5500000.0, Rejected
671,1, Graduate, Yes,2000000,5600000,18,320,2400000.0,2300000.0,4600000.0,2100000.0, Rejected
672,4, Graduate, No,7200000,22900000,18,657,14600000.0,400000.0,17400000.0,8800000.0, Approved
673,1, Not Graduate, Yes,500000,1900000,12,868,200000.0,500000.0,1800000.0,300000.0, Approved
674,1, Not Graduate, Yes,5800000,13900000,6,345,4000000.0,9300000.0,20900000.0,5500000.0, Rejected
675,0, Not Graduate, No,200000,300000,6,472,400000.0,100000.0,700000.0,0.0, Rejected
676,4, Not Graduate, Yes,4600000,9500000,20,613,5200000.0,5900000.0,13700000.0,3000000.0, Approved
677,5, Not Graduate, Yes,4600000,12800000,14,769,13100000.0,8600000.0,12100000.0,3500000.0, Approved
678,1, Graduate, No,6500000,23100000,20,741,11400000.0,8500000.0,25700000.0,7900000.0, Approved
679,4, Not Graduate, Yes,4400000,16600000,14,889,800000.0,1400000.0,14900000.0,5900000.0, Approved
680,0, Not Graduate, Yes,900000,3600000,10,683,1400000.0,700000.0,3500000.0,400000.0, Approved
685,2, Not Graduate, No,1000000,2500000,6,551,1700000.0,200000.0,3700000.0,900000.0, Approved
686,2, Not Graduate, No,6800000,14800000,14,803,11300000.0,3300000.0,19600000.0,6600000.0, Approved
687,0, Graduate, No,3000000,8400000,10,361,7700000.0,200000.0,7300000.0,1800000.0, Rejected
689,4, Graduate, Yes,8800000,20900000,18,766,13500000.0,15400000.0,34500000.0,13100000.0, Approved
691,5, Graduate, No,1700000,4300000,2,517,100000.0,200000.0,6200000.0,1600000.0, Rejected
695,3, Not Graduate, No,5700000,19400000,2,335,7400000.0,10600000.0,20600000.0,7100000.0, Approved
697,2, Not Graduate, Yes,1100000,2200000,4,874,1900000.0,1300000.0,2100000.0,900000.0, Approved
698,0, Graduate, Yes,6000000,23900000,4,394,6700000.0,5800000.0,21900000.0,4500000.0, Approved
700,2, Not Graduate, Yes,6500000,25100000,20,848,11500000.0,8600000.0,17400000.0,4400000.0, Approved
701,0, Graduate, Yes,7600000,17900000,16,788,1700000.0,7800000.0,27100000.0,5900000.0, Approved
702,1, Graduate, No,2200000,4900000,8,509,3800000.0,0.0,5400000.0,2900000.0, Rejected
705,5, Graduate, Yes,1300000,4300000,2,595,1300000.0,500000.0,2900000.0,1500000.0, Approved
706,1, Not Graduate, No,2800000,6700000,12,322,1900000.0,2000000.0,8600000.0,2100000.0, Rejected
709,0, Graduate, No,8900000,25800000,18,531,12400000.0,3400000.0,22900000.0,5400000.0, Rejected
710,5, Not Graduate, No,7000000,21800000,4,631,8100000.0,7100000.0,14600000.0,10000000.0, Approved
712,5, Graduate, No,9200000,29200000,16,383,17700000.0,13300000.0,30400000.0,5700000.0, Rejected
715,4, Not Graduate, No,9900000,22700000,12,567,28300000.0,9900000.0,29700000.0,5400000.0, Approved
717,3, Graduate, No,6800000,21200000,2,433,10700000.0,1900000.0,23200000.0,6300000.0, Approved
719,4, Graduate, No,700000,2600000,14,736,2100000.0,600000.0,1900000.0,400000.0, Approved
720,2, Not Graduate, Yes,4000000,8500000,6,323,11200000.0,1000000.0,14300000.0,4100000.0, Rejected
722,3, Not Graduate, No,5600000,21000000,12,609,8800000.0,11000000.0,15800000.0,4900000.0, Approved
725,1, Not Graduate, No,4200000,16200000,14,391,5800000.0,2100000.0,14100000.0,2600000.0, Rejected
726,4, Not Graduate, No,5000000,18700000,10,755,3600000.0,600000.0,13000000.0,2600000.0, Approved
728,3, Not Graduate, Yes,2200000,8800000,2,877,5000000.0,1300000.0,6400000.0,3100000.0, Approved
730,0, Graduate, No,7100000,15900000,14,746,9500000.0,3900000.0,23500000.0,8000000.0, Approved
733,2, Not Graduate, No,7700000,18300000,20,504,14600000.0,500000.0,18300000.0,4600000.0, Rejected
735,2, Graduate, Yes,5300000,11000000,14,393,6800000.0,2400000.0,20500000.0,5200000.0, Rejected
736,0, Graduate, No,4700000,14400000,14,881,11000000.0,6100000.0,17600000.0,2400000.0, Approved
737,2, Graduate, Yes,4300000,12200000,14,719,5100000.0,2600000.0,14000000.0,5700000.0, Approved
739,4, Graduate, No,2000000,7500000,14,857,4300000.0,1500000.0,4200000.0,2100000.0, Approved
740,2, Graduate, Yes,2000000,7600000,16,429,5300000.0,3100000.0,5800000.0,2200000.0, Rejected
741,3, Not Graduate, No,4100000,15900000,12,538,3900000.0,800000.0,8800000.0,5700000.0, Rejected
744,5, Graduate, Yes,5800000,16600000,18,376,2500000.0,7500000.0,21100000.0,2800000.0, Rejected
745,5, Not Graduate, No,8000000,30000000,14,549,14800000.0,200000.0,17300000.0,7000000.0, Rejected
746,3, Not Graduate, Yes,3700000,12700000,18,587,11000000.0,3100000.0,8800000.0,4100000.0, Approved
747,0, Not Graduate, No,2600000,8400000,18,861,0.0,3500000.0,6200000.0,3800000.0, Approved
748,0, Not Graduate, No,3000000,7000000,12,409,6400000.0,4900000.0,8000000.0,3500000.0, Rejected
749,4, Graduate, No,2700000,10200000,4,528,7800000.0,2200000.0,10000000.0,1600000.0, Approved
751,2, Graduate, No,1500000,3600000,4,584,3900000.0,1300000.0,4800000.0,1700000.0, Approved
752,5, Not Graduate, No,6800000,20000000,4,459,14500000.0,3000000.0,25000000.0,4900000.0, Rejected
753,1, Graduate, Yes,8100000,31700000,10,755,0.0,12700000.0,30100000.0,4700000.0, Approved
755,1, Not Graduate, Yes,7600000,26000000,6,384,2600000.0,1200000.0,20000000.0,7900000.0, Rejected
757,1, Not Graduate, Yes,4700000,18700000,20,445,2100000.0,0.0,11100000.0,4000000.0, Rejected
758,0, Graduate, No,1400000,5500000,6,393,500000.0,1500000.0,5400000.0,1800000.0, Rejected
760,2, Graduate, No,9700000,19900000,16,395,2800000.0,13700000.0,37000000.0,10800000.0, Rejected
761,3, Not Graduate, Yes,8900000,21000000,14,815,200000.0,10800000.0,21600000.0,6400000.0, Approved
764,0, Graduate, Yes,1000000,3200000,10,854,2600000.0,800000.0,2900000.0,1200000.0, Approved
765,3, Graduate, No,3500000,10300000,16,324,2400000.0,900000.0,12600000.0,2400000.0, Rejected
766,0, Not Graduate, No,7900000,31500000,14,849,19400000.0,10300000.0,26600000.0,10600000.0, Approved
767,3, Graduate, Yes,6100000,24200000,12,672,300000.0,11100000.0,23500000.0,5000000.0, Approved
768,3, Not Graduate, Yes,8900000,20900000,6,859,9600000.0,16500000.0,29300000.0,11100000.0, Approved
769,4, Graduate, No,5300000,15400000,8,584,5100000.0,1700000.0,14000000.0,5000000.0, Approved
770,5, Not Graduate, No,1300000,4800000,4,346,3200000.0,1600000.0,3400000.0,1600000.0, Approved
771,3, Graduate, No,4000000,12800000,18,635,6000000.0,7000000.0,12900000.0,4200000.0, Approved
772,2, Not Graduate, No,8700000,22700000,4,365,8200000.0,14800000.0,30200000.0,7200000.0, Rejected
773,1, Not Graduate, No,9500000,20000000,16,856,24900000.0,0.0,35700000.0,6200000.0, Approved
774,5, Graduate, Yes,9000000,20000000,2,440,17100000.0,1000000.0,28500000.0,7600000.0, Rejected
775,0, Graduate, Yes,7300000,23300000,2,616,15700000.0,5900000.0,25800000.0,4100000.0, Approved
776,3, Graduate, Yes,7400000,25700000,2,461,5700000.0,2900000.0,15100000.0,5100000.0, Approved
777,5, Not Graduate, No,3100000,10800000,10,681,5100000.0,1700000.0,7400000.0,1500000.0, Approved
780,1, Graduate, No,5400000,17900000,14,727,13100000.0,0.0,12300000.0,4700000.0, Approved
781,2, Not Graduate, No,1600000,5100000,6,784,1400000.0,2400000.0,4500000.0,1400000.0, Approved
782,3, Not Graduate, Yes,9900000,20400000,4,865,26300000.0,3600000.0,36500000.0,12800000.0, Approved
783,3, Not Graduate, No,5800000,20100000,18,791,1400000.0,10800000.0,16300000.0,5600000.0, Approved
784,4, Not Graduate, No,2200000,8500000,16,866,4000000.0,1900000.0,6800000.0,2800000.0, Approved
785,0, Graduate, No,5000000,14400000,2,761,-100000.0,7300000.0,12600000.0,4500000.0, Approved
786,2, Not Graduate, Yes,600000,2100000,18,572,400000.0,500000.0,1400000.0,300000.0, Approved
788,1, Graduate, Yes,2600000,5500000,14,820,2700000.0,2400000.0,9300000.0,2000000.0, Approved
790,2, Graduate, No,3100000,8700000,18,544,5300000.0,1100000.0,12200000.0,1500000.0, Rejected
794,2, Not Graduate, No,5900000,20800000,14,530,7100000.0,5800000.0,13100000.0,8800000.0, Rejected
795,2, Graduate, Yes,2900000,10600000,6,614,1000000.0,300000.0,7600000.0,3600000.0, Approved
797,4, Graduate, Yes,5900000,19700000,10,431,3300000.0,9200000.0,22700000.0,5300000.0, Rejected
798,1, Not Graduate, Yes,4600000,18400000,10,403,200000.0,8800000.0,17300000.0,2900000.0, Rejected
799,2, Not Graduate, No,7000000,20200000,8,668,16600000.0,5000000.0,26100000.0,9100000.0, Approved
800,3, Not Graduate, Yes,5100000,10400000,18,399,8000000.0,4300000.0,20100000.0,4600000.0, Rejected
802,2, Graduate, No,4100000,12800000,16,344,10300000.0,7000000.0,15800000.0,4100000.0, Rejected
803,0, Graduate, No,1800000,5400000,16,555,3900000.0,2900000.0,5100000.0,1700000.0, Approved
804,4, Not Graduate, Yes,8200000,26900000,20,301,23800000.0,13600000.0,31000000.0,9900000.0, Rejected
806,2, Graduate, No,8400000,23100000,6,689,5700000.0,2500000.0,18900000.0,11900000.0, Approved
807,0, Not Graduate, No,8500000,33900000,4,665,8500000.0,12800000.0,17900000.0,4500000.0, Approved
810,3, Not Graduate, No,4400000,10500000,18,677,100000.0,2000000.0,12100000.0,5000000.0, Approved
811,1, Not Graduate, No,2600000,8500000,2,491,1700000.0,1800000.0,5300000.0,2600000.0, Approved
812,2, Not Graduate, Yes,9600000,28100000,20,763,23000000.0,11800000.0,27500000.0,10300000.0, Approved
813,5, Not Graduate, Yes,5200000,18100000,8,809,2400000.0,6900000.0,14000000.0,5500000.0, Approved
814,5, Not Graduate, Yes,9700000,36400000,16,544,3500000.0,15000000.0,31300000.0,5200000.0, Rejected
817,4, Graduate, Yes,7200000,23100000,14,644,13300000.0,3500000.0,18300000.0,4200000.0, Approved
819,2, Not Graduate, No,6500000,14100000,2,709,1000000.0,12700000.0,20900000.0,4000000.0, Approved
821,0, Not Graduate, Yes,3300000,10400000,4,423,7400000.0,4700000.0,11600000.0,3200000.0, Approved
823,2, Graduate, Yes,8300000,19500000,4,415,2300000.0,9400000.0,21700000.0,8600000.0, Rejected
826,4, Not Graduate, No,7300000,19800000,8,724,5500000.0,6000000.0,29000000.0,10300000.0, Approved
827,1, Graduate, No,1600000,5400000,12,707,600000.0,1700000.0,6200000.0,800000.0, Approved
828,5, Not Graduate, Yes,800000,2500000,4,780,500000.0,900000.0,1700000.0,400000.0, Approved
829,4, Not Graduate, No,6300000,21900000,10,538,9600000.0,5400000.0,19300000.0,7800000.0, Rejected
832,2, Graduate, Yes,3800000,9100000,14,849,6300000.0,2400000.0,9500000.0,2500000.0, Approved
835,5, Graduate, Yes,1400000,5000000,2,465,0.0,2600000.0,5300000.0,1500000.0, Approved
837,1, Graduate, Yes,600000,2000000,10,326,400000.0,1000000.0,2400000.0,700000.0, Rejected
844,0, Not Graduate, No,1900000,6500000,10,523,2400000.0,1100000.0,6200000.0,1100000.0, Rejected
845,2, Graduate, Yes,6500000,20900000,14,327,8200000.0,100000.0,22800000.0,4700000.0, Rejected
847,5, Graduate, No,7000000,23000000,18,803,18700000.0,6300000.0,27800000.0,4100000.0, Approved
848,2, Graduate, No,7700000,15400000,18,524,12900000.0,5100000.0,21000000.0,6600000.0, Rejected
851,2, Graduate, Yes,1800000,4200000,8,648,1200000.0,3100000.0,6200000.0,1600000.0, Approved
852,1, Not Graduate, No,4900000,18500000,4,612,6100000.0,5900000.0,16400000.0,2900000.0, Approved
853,1, Graduate, No,5700000,12400000,14,396,5400000.0,7500000.0,17600000.0,5600000.0, Rejected
854,3, Not Graduate, No,300000,800000,2,458,500000.0,0.0,1100000.0,200000.0, Rejected
855,3, Graduate, Yes,1700000,3400000,6,488,100000.0,500000.0,4500000.0,1600000.0, Rejected
856,4, Graduate, No,7000000,18900000,6,475,1300000.0,6100000.0,14700000.0,5200000.0, Rejected
857,1, Not Graduate, No,2200000,7000000,18,417,2000000.0,3900000.0,6500000.0,1900000.0, Rejected
861,4, Graduate, No,6200000,17300000,6,837,12600000.0,3700000.0,24700000.0,4600000.0, Approved
864,5, Graduate, No,4200000,9200000,12,870,3200000.0,2400000.0,12300000.0,5700000.0, Approved
865,0, Not Graduate, Yes,7200000,20700000,10,733,15600000.0,12000000.0,19200000.0,9900000.0, Approved
866,5, Not Graduate, Yes,6400000,20300000,16,348,10000000.0,10900000.0,20400000.0,6900000.0, Rejected
867,0, Not Graduate, Yes,8900000,23000000,12,741,5600000.0,11200000.0,27100000.0,7100000.0, Approved
870,3, Graduate, No,6600000,22100000,4,455,3800000.0,3000000.0,25100000.0,7400000.0, Approved
871,1, Not Graduate, Yes,4800000,14700000,2,356,7100000.0,8800000.0,13400000.0,5500000.0, Approved
872,0, Graduate, No,200000,400000,4,594,500000.0,0.0,400000.0,100000.0, Approved
875,2, Graduate, No,5400000,12500000,4,622,14400000.0,2900000.0,11800000.0,5400000.0, Approved
876,1, Not Graduate, Yes,1700000,4500000,20,480,200000.0,600000.0,5400000.0,1900000.0, Rejected
878,1, Graduate, No,5200000,11200000,6,698,14100000.0,7600000.0,18800000.0,2700000.0, Approved
880,1, Not Graduate, Yes,3900000,7800000,14,349,11200000.0,500000.0,11800000.0,3600000.0, Rejected
882,2, Graduate, No,2500000,8200000,10,429,1500000.0,4100000.0,5900000.0,2200000.0, Rejected
883,4, Graduate, No,500000,1300000,8,471,500000.0,300000.0,1500000.0,700000.0, Rejected
886,2, Graduate, No,5200000,13500000,2,777,7000000.0,5200000.0,15500000.0,6100000.0, Approved
887,5, Not Graduate, Yes,4400000,8900000,4,761,8100000.0,1000000.0,14200000.0,3000000.0, Approved
891,4, Not Graduate, No,4900000,10700000,20,321,1200000.0,400000.0,11100000.0,6500000.0, Rejected
892,3, Graduate, Yes,4800000,10100000,4,368,9100000.0,5100000.0,16500000.0,3500000.0, Rejected
893,4, Graduate, No,9300000,24900000,14,455,27600000.0,4700000.0,35100000.0,13900000.0, Rejected
894,5, Not Graduate, Yes,7500000,24600000,8,744,1600000.0,3600000.0,16700000.0,9300000.0, Approved
897,5, Graduate, No,5300000,13400000,8,719,1600000.0,200000.0,11400000.0,5300000.0, Approved
899,0, Graduate, Yes,2500000,5800000,18,494,5100000.0,4400000.0,8500000.0,2300000.0, Rejected
900,4, Not Graduate, No,2800000,10800000,2,841,700000.0,2600000.0,7100000.0,4100000.0, Approved
901,0, Graduate, Yes,5400000,21400000,8,721,8200000.0,6400000.0,16700000.0,7400000.0, Approved
903,5, Not Graduate, No,4800000,15500000,10,812,9500000.0,1500000.0,17800000.0,3500000.0, Approved
904,1, Not Graduate, No,8800000,17500000,20,832,1800000.0,3600000.0,24000000.0,7400000.0, Approved
909,4, Not Graduate, No,3500000,10200000,12,333,7600000.0,6400000.0,8100000.0,3400000.0, Rejected
912,0, Graduate, Yes,1300000,4800000,4,835,500000.0,100000.0,3300000.0,800000.0, Rejected
915,2, Graduate, No,700000,2000000,8,806,1900000.0,1100000.0,2200000.0,400000.0, Approved
916,4, Graduate, Yes,8200000,28500000,2,378,6800000.0,11200000.0,26400000.0,11500000.0, Approved
917,1, Not Graduate, No,6900000,26200000,4,534,14500000.0,11900000.0,14900000.0,9400000.0, Approved
918,1, Not Graduate, Yes,1500000,5900000,16,400,4200000.0,2400000.0,4800000.0,1500000.0, Rejected
919,3, Graduate, No,6300000,18300000,18,543,1800000.0,9400000.0,17700000.0,3500000.0, Rejected
921,4, Graduate, Yes,8900000,20700000,6,684,1100000.0,9200000.0,20400000.0,6700000.0, Approved
924,2, Not Graduate, No,3600000,8000000,12,566,10500000.0,3000000.0,8900000.0,2700000.0, Approved
925,0, Not Graduate, Yes,8600000,23600000,2,361,25800000.0,5300000.0,24700000.0,7500000.0, Rejected
926,5, Graduate, No,3000000,8000000,6,333,3200000.0,400000.0,8200000.0,2200000.0, Rejected
928,3, Graduate, Yes,7200000,20400000,10,558,0.0,13200000.0,27200000.0,10600000.0, Approved
930,1, Not Graduate, No,2400000,5200000,2,371,6100000.0,3100000.0,8500000.0,1400000.0, Rejected
932,0, Not Graduate, Yes,9000000,24300000,10,599,12900000.0,3400000.0,26900000.0,6400000.0, Approved
933,0, Not Graduate, Yes,7900000,24000000,20,728,18600000.0,15600000.0,21800000.0,7400000.0, Approved
934,2, Not Graduate, Yes,6200000,21600000,20,679,18600000.0,2500000.0,24500000.0,9100000.0, Approved
936,3, Not Graduate, No,1200000,4500000,6,819,1400000.0,1100000.0,4400000.0,900000.0, Approved
937,1, Graduate, No,4700000,11700000,6,308,11800000.0,1100000.0,15100000.0,3700000.0, Rejected
938,5, Graduate, Yes,5900000,15600000,2,730,12600000.0,4700000.0,15900000.0,5900000.0, Approved
940,3, Not Graduate, Yes,4700000,12800000,16,740,2200000.0,8600000.0,11700000.0,6100000.0, Approved
941,5, Graduate, Yes,7600000,20000000,10,522,21500000.0,1400000.0,20400000.0,4300000.0, Rejected
942,4, Graduate, No,7200000,16900000,4,702,15900000.0,7100000.0,22000000.0,9600000.0, Approved
946,5, Not Graduate, Yes,7600000,18700000,14,509,8500000.0,8500000.0,22200000.0,3700000.0, Rejected
948,1, Not Graduate, No,2300000,6600000,18,513,4600000.0,900000.0,9000000.0,1600000.0, Rejected
949,2, Not Graduate, No,8100000,18500000,6,372,19100000.0,10200000.0,31000000.0,7900000.0, Rejected
950,2, Graduate, Yes,300000,700000,4,411,600000.0,0.0,1200000.0,100000.0, Rejected
951,4, Graduate, No,4700000,10800000,20,495,11300000.0,6800000.0,17000000.0,4500000.0, Rejected
954,5, Graduate, Yes,8700000,28100000,10,660,25500000.0,800000.0,25900000.0,10100000.0, Approved
955,0, Not Graduate, No,2200000,8600000,4,563,900000.0,1000000.0,4400000.0,2800000.0, Approved
957,0, Not Graduate, Yes,9100000,22000000,12,387,25300000.0,15600000.0,31700000.0,7000000.0, Rejected
958,1, Graduate, No,2200000,8700000,12,613,500000.0,1800000.0,5700000.0,2400000.0, Approved
960,1, Graduate, Yes,9600000,34500000,2,795,9500000.0,900000.0,32000000.0,9300000.0, Approved
963,4, Not Graduate, No,5500000,12300000,6,742,12900000.0,2700000.0,19800000.0,4300000.0, Approved
964,0, Graduate, No,5000000,14400000,4,874,3000000.0,9300000.0,14100000.0,3900000.0, Approved
965,1, Graduate, No,2700000,8100000,16,691,2000000.0,3600000.0,8100000.0,2100000.0, Approved
966,3, Not Graduate, Yes,8500000,30300000,12,762,12700000.0,3700000.0,20000000.0,4200000.0, Approved
967,1, Graduate, No,4400000,10700000,18,324,2200000.0,3300000.0,12700000.0,5400000.0, Rejected
968,4, Not Graduate, No,500000,1800000,20,777,900000.0,300000.0,1300000.0,200000.0, Approved
969,0, Graduate, No,8300000,21400000,2,662,6100000.0,12300000.0,24500000.0,10200000.0, Approved
971,3, Not Graduate, Yes,4000000,10400000,14,609,2100000.0,6900000.0,11700000.0,4600000.0, Approved
974,2, Graduate, Yes,1900000,5000000,14,641,1000000.0,900000.0,5500000.0,2400000.0, Approved
976,0, Graduate, No,8000000,23700000,10,305,22200000.0,11600000.0,17200000.0,12000000.0, Rejected
977,4, Not Graduate, No,8200000,20700000,10,546,10800000.0,7000000.0,25000000.0,10600000.0, Rejected
980,5, Graduate, No,6600000,18800000,4,639,3200000.0,1100000.0,25100000.0,4300000.0, Approved
981,3, Graduate, No,3200000,6900000,20,735,1500000.0,3700000.0,9200000.0,3100000.0, Approved
982,0, Not Graduate, Yes,2600000,5400000,2,377,100000.0,4900000.0,6100000.0,2700000.0, Rejected
983,3, Not Graduate, No,6900000,15600000,20,310,4500000.0,3600000.0,20400000.0,4800000.0, Rejected
986,1, Not Graduate, Yes,4300000,14100000,12,525,2100000.0,1100000.0,14100000.0,5500000.0, Rejected
987,5, Not Graduate, No,700000,2400000,20,330,1300000.0,700000.0,2500000.0,500000.0, Rejected
988,5, Graduate, No,9400000,25800000,14,625,28200000.0,15400000.0,30800000.0,11100000.0, Approved
992,2, Not Graduate, No,2300000,5000000,8,884,1400000.0,1700000.0,6100000.0,1500000.0, Approved
994,2, Graduate, No,7600000,28300000,12,800,19700000.0,14800000.0,15600000.0,7800000.0, Approved
995,2, Graduate, No,3200000,12600000,18,796,6200000.0,3500000.0,9600000.0,2000000.0, Approved
997,0, Graduate, Yes,500000,1100000,18,479,1500000.0,500000.0,1800000.0,600000.0, Rejected
998,3, Not Graduate, Yes,8500000,28300000,2,810,25200000.0,4300000.0,18500000.0,10700000.0, Approved
999,0, Graduate, Yes,8900000,20900000,18,568,18800000.0,700000.0,32700000.0,5300000.0, Approved
1000,0, Graduate, No,2800000,5600000,8,842,0.0,1300000.0,6100000.0,1900000.0, Approved
1001,3, Not Graduate, Yes,2900000,7000000,4,806,5700000.0,5600000.0,5900000.0,3000000.0, Approved
1003,5, Not Graduate, No,9600000,20700000,14,442,25800000.0,9800000.0,31800000.0,8200000.0, Rejected
1006,2, Graduate, No,7800000,22200000,10,735,9700000.0,4600000.0,23000000.0,6900000.0, Approved
1009,0, Not Graduate, No,7900000,30800000,4,726,5000000.0,14600000.0,23800000.0,5500000.0, Approved
1012,1, Not Graduate, No,1400000,3300000,8,306,3200000.0,800000.0,2700000.0,800000.0, Rejected
1018,1, Not Graduate, Yes,2500000,6700000,2,502,3400000.0,2600000.0,9400000.0,1400000.0, Rejected
1019,0, Graduate, No,9500000,22600000,6,861,24700000.0,13200000.0,29000000.0,5600000.0, Approved
1021,0, Not Graduate, No,5100000,13600000,18,351,1700000.0,3700000.0,14400000.0,7600000.0, Rejected
1022,2, Not Graduate, Yes,7600000,23600000,6,358,20200000.0,2900000.0,22100000.0,10900000.0, Rejected
1025,3, Graduate, No,8700000,30500000,2,443,11800000.0,1800000.0,24600000.0,8100000.0, Approved
1027,2, Not Graduate, Yes,1900000,7000000,14,818,4800000.0,3500000.0,4500000.0,2100000.0, Approved
1031,3, Graduate, Yes,7900000,26600000,12,409,17100000.0,1400000.0,22500000.0,8700000.0, Rejected
1032,1, Not Graduate, Yes,1300000,4500000,14,679,2700000.0,2100000.0,3700000.0,1600000.0, Approved
1035,0, Graduate, No,9400000,33000000,4,616,15400000.0,5000000.0,25100000.0,7800000.0, Approved
1036,2, Not Graduate, Yes,3800000,12500000,14,842,3700000.0,6700000.0,14600000.0,5300000.0, Approved
1037,3, Graduate, Yes,7800000,26300000,20,840,1200000.0,11300000.0,24100000.0,5300000.0, Approved
1038,3, Graduate, Yes,7800000,27700000,6,430,2000000.0,8000000.0,26100000.0,5300000.0, Rejected
1039,4, Not Graduate, No,2700000,7000000,4,351,1100000.0,2300000.0,8300000.0,2700000.0, Rejected
1040,5, Not Graduate, No,600000,2300000,4,347,0.0,0.0,1900000.0,200000.0, Rejected
1041,3, Not Graduate, Yes,8000000,28800000,10,576,18800000.0,7500000.0,16300000.0,11900000.0, Approved
1043,1, Not Graduate, Yes,3300000,10800000,2,550,6000000.0,3800000.0,11000000.0,4700000.0, Approved
1044,2, Graduate, No,5800000,13300000,4,878,8400000.0,5400000.0,18600000.0,4500000.0, Approved
1046,4, Not Graduate, No,7600000,29700000,6,603,3200000.0,2900000.0,27800000.0,11000000.0, Approved
1048,2, Graduate, No,3300000,11800000,4,393,5700000.0,3700000.0,6800000.0,2600000.0, Approved
1049,3, Graduate, No,9800000,30300000,2,612,10700000.0,4600000.0,32100000.0,5600000.0, Approved
1050,0, Graduate, Yes,1000000,3800000,8,553,2500000.0,1000000.0,2100000.0,1300000.0, Approved
1051,0, Not Graduate, Yes,2500000,8800000,14,389,7300000.0,1400000.0,8500000.0,3600000.0, Rejected
1052,0, Graduate, No,1900000,6800000,4,782,100000.0,3400000.0,4900000.0,2400000.0, Approved
1053,3, Graduate, No,3100000,8500000,12,493,8700000.0,5100000.0,12000000.0,2000000.0, Rejected
1054,5, Graduate, Yes,6000000,11900000,2,629,2500000.0,0.0,19200000.0,4200000.0, Approved
1055,5, Not Graduate, No,6500000,21600000,10,419,1600000.0,10900000.0,22300000.0,6600000.0, Rejected
1058,0, Graduate, Yes,3800000,11200000,20,479,1100000.0,6400000.0,12000000.0,5400000.0, Rejected
1059,3, Not Graduate, Yes,3000000,11400000,10,424,1800000.0,4200000.0,10900000.0,1500000.0, Rejected
1060,0, Graduate, No,4300000,16900000,18,469,200000.0,5800000.0,12000000.0,6200000.0, Rejected
1061,4, Not Graduate, Yes,3500000,8300000,2,897,7900000.0,5500000.0,12600000.0,1800000.0, Approved
1062,3, Not Graduate, No,300000,500000,2,477,700000.0,200000.0,800000.0,400000.0, Rejected
1064,0, Graduate, Yes,800000,1700000,4,752,2300000.0,1100000.0,3200000.0,400000.0, Approved
1065,0, Not Graduate, Yes,5600000,19100000,14,875,16700000.0,4700000.0,15100000.0,7700000.0, Approved
1066,2, Not Graduate, Yes,1800000,3600000,4,343,3400000.0,1100000.0,6200000.0,1500000.0, Rejected
1067,0, Graduate, No,6800000,20800000,20,819,16500000.0,11900000.0,26700000.0,8000000.0, Approved
1068,2, Graduate, Yes,4200000,16800000,2,433,3300000.0,0.0,14100000.0,3700000.0, Approved
1070,2, Graduate, Yes,8500000,31800000,6,714,17000000.0,900000.0,26600000.0,5600000.0, Approved
1072,0, Graduate, Yes,3600000,8600000,6,529,3500000.0,3300000.0,11300000.0,5200000.0, Rejected
1073,1, Not Graduate, No,6200000,19500000,20,448,3300000.0,7100000.0,22400000.0,8000000.0, Rejected
1075,1, Graduate, No,6800000,22900000,4,501,3900000.0,9400000.0,17300000.0,4400000.0, Approved
1076,2, Not Graduate, No,6300000,24500000,18,848,10200000.0,3500000.0,18200000.0,8200000.0, Approved
1078,1, Graduate, No,5900000,13000000,2,386,16300000.0,5000000.0,12000000.0,3800000.0, Rejected
1079,5, Not Graduate, Yes,9800000,37900000,18,301,6700000.0,4900000.0,34300000.0,6200000.0, Rejected
1081,4, Graduate, Yes,300000,500000,14,448,700000.0,100000.0,800000.0,100000.0, Rejected
1082,1, Not Graduate, Yes,4800000,11600000,16,696,1400000.0,9400000.0,11800000.0,6500000.0, Approved
1083,1, Graduate, No,7500000,28300000,16,707,9700000.0,1100000.0,16300000.0,6700000.0, Approved
1085,4, Not Graduate, No,8900000,21100000,6,631,4200000.0,200000.0,25800000.0,6200000.0, Approved
1087,0, Graduate, Yes,7700000,18100000,18,705,6100000.0,5100000.0,23800000.0,6300000.0, Approved
1088,3, Not Graduate, Yes,7000000,15200000,2,709,10300000.0,12500000.0,20700000.0,4000000.0, Approved
1089,4, Not Graduate, Yes,7800000,19500000,14,739,1900000.0,9000000.0,20400000.0,4400000.0, Approved
1091,4, Graduate, No,9400000,32600000,4,898,18200000.0,4000000.0,22000000.0,10200000.0, Approved
1092,4, Not Graduate, Yes,600000,2100000,6,558,1300000.0,1000000.0,2200000.0,300000.0, Approved
1093,3, Graduate, No,5100000,13300000,4,589,11200000.0,2700000.0,20200000.0,6100000.0, Approved
1094,2, Graduate, Yes,3800000,14400000,2,301,2300000.0,1400000.0,7600000.0,2400000.0, Rejected
1095,2, Not Graduate, Yes,5300000,21200000,14,516,2200000.0,5000000.0,20900000.0,7700000.0, Rejected
1099,3, Graduate, Yes,5300000,16900000,2,350,15800000.0,3100000.0,14300000.0,6800000.0, Approved
1101,2, Not Graduate, No,4000000,9400000,8,874,4400000.0,3700000.0,10200000.0,4800000.0, Approved
1103,1, Graduate, Yes,1600000,4900000,16,487,4300000.0,1100000.0,3900000.0,2000000.0, Rejected
1106,4, Not Graduate, Yes,8000000,19200000,18,682,2500000.0,8900000.0,19000000.0,5300000.0, Approved
1107,3, Graduate, Yes,8200000,28900000,10,668,23800000.0,4500000.0,28700000.0,10900000.0, Approved
1108,5, Graduate, Yes,4800000,10300000,8,781,4800000.0,6800000.0,11100000.0,4300000.0, Approved
1109,4, Graduate, No,8100000,19000000,6,375,4100000.0,14500000.0,19100000.0,11900000.0, Rejected
1110,4, Not Graduate, No,5900000,14900000,14,857,2600000.0,9500000.0,16000000.0,3500000.0, Approved
1112,0, Graduate, No,1400000,5000000,8,686,1800000.0,1900000.0,3200000.0,1500000.0, Approved
1114,4, Graduate, No,4600000,9400000,18,545,800000.0,2400000.0,11500000.0,6300000.0, Rejected
1116,2, Graduate, Yes,8600000,24900000,20,607,13600000.0,7600000.0,31800000.0,5400000.0, Approved
1117,4, Not Graduate, No,3800000,14900000,20,428,6500000.0,3500000.0,12200000.0,2500000.0, Rejected
1118,0, Not Graduate, No,8200000,20300000,4,666,13100000.0,10200000.0,25900000.0,7800000.0, Approved
1119,3, Graduate, No,3200000,10100000,20,704,3400000.0,4800000.0,9000000.0,3900000.0, Approved
1120,0, Not Graduate, Yes,8100000,23800000,10,794,5400000.0,15500000.0,20700000.0,8800000.0, Approved
1124,0, Not Graduate, No,9100000,18300000,14,458,6100000.0,9200000.0,34100000.0,10000000.0, Rejected
1126,4, Not Graduate, No,7200000,27400000,8,735,14100000.0,14200000.0,19400000.0,9500000.0, Approved
1127,1, Not Graduate, No,2400000,5600000,16,379,3700000.0,600000.0,7200000.0,3400000.0, Rejected
1129,1, Graduate, Yes,5800000,16700000,12,721,1100000.0,9700000.0,17200000.0,7500000.0, Approved
1132,0, Not Graduate, No,9900000,27000000,16,566,3500000.0,17300000.0,36900000.0,11500000.0, Approved
1133,2, Not Graduate, No,3500000,14000000,2,355,8700000.0,1600000.0,11800000.0,2900000.0, Approved
1134,2, Graduate, No,4800000,18500000,20,605,5700000.0,5500000.0,14700000.0,5800000.0, Approved
1135,2, Not Graduate, No,1600000,5200000,16,525,300000.0,2900000.0,5600000.0,1600000.0, Rejected
1138,1, Graduate, No,8300000,28900000,12,529,18300000.0,3900000.0,32500000.0,5800000.0, Rejected
1139,4, Graduate, No,2800000,6100000,18,415,2200000.0,4200000.0,8400000.0,2000000.0, Rejected
1140,1, Graduate, Yes,6400000,17300000,10,879,10000000.0,1100000.0,15400000.0,8200000.0, Approved
1143,0, Graduate, No,6500000,24100000,20,488,3300000.0,6000000.0,22900000.0,9700000.0, Rejected
1144,1, Graduate, Yes,200000,400000,8,569,200000.0,200000.0,700000.0,300000.0, Approved
1147,2, Graduate, Yes,8000000,31200000,8,553,6800000.0,3500000.0,21000000.0,10300000.0, Approved
1148,5, Not Graduate, Yes,900000,1800000,14,464,2300000.0,300000.0,1800000.0,700000.0, Rejected
1149,2, Graduate, No,7300000,20000000,6,729,13100000.0,10700000.0,17900000.0,9100000.0, Approved
1152,1, Graduate, No,7200000,21000000,14,421,3500000.0,11600000.0,21800000.0,4600000.0, Rejected
1153,0, Not Graduate, Yes,9400000,34200000,10,512,13100000.0,15600000.0,32600000.0,6300000.0, Rejected
1154,3, Not Graduate, Yes,3400000,12400000,2,730,2500000.0,3900000.0,12200000.0,4600000.0, Approved
1155,0, Graduate, No,600000,2300000,8,627,1800000.0,500000.0,2200000.0,300000.0, Approved
1156,0, Not Graduate, Yes,3300000,10000000,16,434,3000000.0,4100000.0,12900000.0,4100000.0, Rejected
1157,2, Graduate, Yes,5900000,14300000,2,410,11900000.0,4400000.0,16900000.0,4100000.0, Rejected
1158,3, Not Graduate, No,1300000,3600000,16,624,2400000.0,2300000.0,3300000.0,1900000.0, Approved
1159,4, Graduate, Yes,5700000,16900000,4,656,13000000.0,7400000.0,22000000.0,8400000.0, Approved
1161,4, Not Graduate, Yes,7000000,23500000,18,336,15000000.0,9500000.0,19700000.0,7800000.0, Rejected
1165,0, Not Graduate, Yes,9600000,34000000,12,710,23800000.0,10300000.0,38100000.0,7800000.0, Approved
1166,1, Not Graduate, Yes,5400000,20700000,8,753,1900000.0,800000.0,19000000.0,3600000.0, Approved
1167,1, Not Graduate, Yes,7800000,27200000,16,454,16100000.0,3400000.0,17100000.0,11400000.0, Rejected
1169,2, Graduate, No,8900000,28500000,6,367,22200000.0,16600000.0,21500000.0,9300000.0, Rejected
1170,1, Graduate, No,1400000,3100000,20,384,200000.0,1200000.0,4200000.0,1800000.0, Rejected
1171,2, Graduate, No,1700000,5900000,16,610,3100000.0,300000.0,3700000.0,1300000.0, Approved
1172,0, Graduate, No,5300000,19500000,12,802,9800000.0,3300000.0,15200000.0,3200000.0, Approved
1174,2, Graduate, No,5900000,14000000,8,599,4700000.0,9500000.0,17800000.0,6700000.0, Approved
1176,3, Graduate, Yes,7700000,16200000,6,380,11500000.0,15100000.0,22500000.0,6400000.0, Rejected
1177,1, Graduate, No,7900000,27100000,10,803,20000000.0,9800000.0,22200000.0,6600000.0, Approved
1178,4, Graduate, No,3500000,8900000,20,809,7100000.0,1500000.0,13700000.0,3200000.0, Approved
1181,0, Graduate, No,3900000,14500000,8,545,5900000.0,3000000.0,10300000.0,3400000.0, Rejected
1184,4, Graduate, No,7100000,19800000,18,530,7100000.0,3400000.0,20900000.0,7100000.0, Rejected
1186,5, Graduate, No,7400000,21000000,4,561,21300000.0,3800000.0,26400000.0,3900000.0, Approved
1187,2, Not Graduate, No,4400000,12000000,20,421,9300000.0,2700000.0,15700000.0,3400000.0, Rejected
1188,3, Graduate, Yes,8600000,30300000,14,459,12000000.0,4100000.0,23800000.0,9100000.0, Rejected
1191,2, Graduate, Yes,8100000,25700000,8,455,22300000.0,11500000.0,19800000.0,9500000.0, Rejected
1192,0, Not Graduate, No,2600000,9400000,18,879,2800000.0,1400000.0,5100000.0,2300000.0, Approved
1194,2, Not Graduate, Yes,2100000,5600000,16,426,400000.0,300000.0,7100000.0,1200000.0, Rejected
1197,3, Not Graduate, No,2200000,6400000,20,667,6300000.0,3900000.0,8300000.0,2900000.0, Approved
1198,5, Graduate, Yes,7500000,28200000,2,440,8200000.0,5800000.0,24400000.0,6000000.0, Approved
1199,1, Graduate, Yes,8300000,16800000,2,366,22000000.0,6600000.0,27300000.0,4500000.0, Rejected
1200,2, Not Graduate, No,300000,600000,2,383,600000.0,300000.0,1100000.0,400000.0, Rejected
1201,0, Not Graduate, Yes,300000,800000,4,603,800000.0,200000.0,600000.0,200000.0, Approved
1202,3, Graduate, No,3900000,14900000,4,728,4700000.0,4000000.0,14900000.0,5500000.0, Approved
1203,0, Not Graduate, No,6600000,20300000,6,549,10800000.0,900000.0,23100000.0,9800000.0, Rejected
1205,5, Graduate, Yes,1800000,5300000,12,461,2800000.0,2000000.0,4700000.0,2000000.0, Rejected
1207,2, Not Graduate, Yes,5100000,13700000,6,559,7800000.0,9800000.0,12700000.0,5100000.0, Approved
1208,1, Not Graduate, Yes,300000,600000,8,816,600000.0,300000.0,1100000.0,200000.0, Approved
1211,4, Not Graduate, Yes,4200000,11500000,6,551,10600000.0,7600000.0,11300000.0,5000000.0, Approved
1213,4, Graduate, No,1300000,3600000,10,657,3200000.0,1900000.0,2900000.0,1100000.0, Approved
1214,3, Not Graduate, No,2400000,9300000,2,682,3100000.0,4400000.0,5200000.0,1500000.0, Approved
1216,5, Graduate, Yes,9600000,38000000,10,359,2100000.0,13600000.0,38200000.0,9400000.0, Rejected
1217,0, Graduate, No,400000,1200000,4,766,900000.0,300000.0,1200000.0,300000.0, Approved
1219,0, Graduate, Yes,700000,1400000,10,618,1300000.0,200000.0,1700000.0,500000.0, Approved
1223,4, Not Graduate, Yes,500000,1500000,6,461,1300000.0,500000.0,1700000.0,200000.0, Rejected
1224,2, Graduate, No,1600000,3800000,10,837,3800000.0,1100000.0,5500000.0,1600000.0, Approved
1227,4, Not Graduate, No,6500000,24000000,16,373,5600000.0,5100000.0,15600000.0,6700000.0, Rejected
1230,4, Graduate, Yes,1800000,5800000,14,305,600000.0,3300000.0,3600000.0,2000000.0, Rejected
1231,1, Not Graduate, Yes,7600000,27800000,6,447,1300000.0,700000.0,20100000.0,10900000.0, Rejected
1232,4, Graduate, Yes,1200000,4600000,6,757,1900000.0,200000.0,4800000.0,1500000.0, Approved
1236,4, Graduate, Yes,8400000,25200000,2,308,8100000.0,9300000.0,27700000.0,10500000.0, Approved
1237,0, Graduate, No,300000,500000,18,702,300000.0,400000.0,1200000.0,100000.0, Approved
1238,2, Not Graduate, Yes,9500000,37500000,4,456,10200000.0,16800000.0,34100000.0,12900000.0, Approved
1239,3, Graduate, Yes,1900000,5900000,8,651,700000.0,2100000.0,6200000.0,1500000.0, Approved
1241,4, Graduate, Yes,2200000,7900000,18,848,5100000.0,1700000.0,8500000.0,1600000.0, Approved
1242,5, Graduate, Yes,7100000,19700000,4,727,7700000.0,12900000.0,23600000.0,5800000.0, Approved
1246,0, Not Graduate, No,1800000,6600000,10,737,5000000.0,2000000.0,6000000.0,1500000.0, Approved
1247,1, Graduate, Yes,7600000,29300000,14,690,13900000.0,4000000.0,30000000.0,9100000.0, Approved
1248,1, Graduate, Yes,1000000,3200000,4,888,2000000.0,1500000.0,2200000.0,1300000.0, Approved
1255,5, Not Graduate, Yes,9800000,35700000,10,726,9400000.0,18900000.0,31200000.0,12000000.0, Approved
1256,4, Graduate, No,800000,3100000,18,712,400000.0,700000.0,1900000.0,1100000.0, Approved
1258,3, Graduate, No,6200000,21300000,12,655,6500000.0,11600000.0,19200000.0,5000000.0, Approved
1260,2, Graduate, No,1800000,3800000,4,777,5100000.0,2700000.0,4600000.0,1400000.0, Approved
1261,3, Graduate, No,1700000,5300000,14,696,300000.0,700000.0,4500000.0,800000.0, Approved
1263,2, Graduate, Yes,2200000,7900000,6,659,3400000.0,1800000.0,8600000.0,2400000.0, Approved
1265,2, Not Graduate, No,2200000,8700000,18,729,3900000.0,3300000.0,7600000.0,1300000.0, Approved
1266,1, Graduate, No,8100000,28400000,6,744,20300000.0,10500000.0,21800000.0,7700000.0, Approved
1268,0, Graduate, No,4700000,14800000,20,755,12300000.0,5000000.0,15400000.0,3700000.0, Approved
1269,3, Graduate, Yes,2200000,5300000,2,506,1600000.0,1700000.0,5800000.0,2800000.0, Rejected
1271,1, Not Graduate, Yes,3500000,11600000,10,898,3100000.0,2700000.0,9000000.0,4500000.0, Approved
1272,5, Not Graduate, No,500000,1500000,12,527,100000.0,600000.0,1100000.0,200000.0, Rejected
1274,1, Graduate, No,8400000,25000000,12,694,5300000.0,14900000.0,23000000.0,7700000.0, Approved
1275,1, Graduate, No,5000000,18800000,14,325,13100000.0,5700000.0,12800000.0,4300000.0, Rejected
1277,5, Graduate, Yes,3000000,11900000,14,459,6000000.0,4800000.0,11700000.0,4200000.0, Rejected
1279,4, Graduate, No,7600000,29000000,8,739,22100000.0,8100000.0,22100000.0,8800000.0, Approved
1281,1, Graduate, No,3100000,7400000,18,487,8400000.0,1200000.0,9200000.0,4500000.0, Rejected
1282,3, Graduate, No,7700000,27700000,4,439,13900000.0,7500000.0,27100000.0,6200000.0, Approved
1284,3, Not Graduate, No,3200000,9200000,14,443,3300000.0,1100000.0,7200000.0,4500000.0, Rejected
1285,2, Graduate, No,700000,2600000,20,489,100000.0,200000.0,2400000.0,900000.0, Rejected
1286,4, Not Graduate, Yes,3100000,8600000,14,427,3100000.0,3800000.0,9900000.0,3700000.0, Rejected
1290,2, Not Graduate, No,1500000,4500000,18,428,4500000.0,1200000.0,5600000.0,1100000.0, Rejected
1291,4, Not Graduate, Yes,6300000,15200000,16,415,15500000.0,1800000.0,20700000.0,7900000.0, Rejected
1296,3, Graduate, No,1600000,3500000,10,844,4500000.0,2200000.0,5200000.0,1600000.0, Approved
1298,3, Graduate, Yes,8000000,26300000,12,476,21700000.0,6600000.0,16400000.0,9000000.0, Rejected
1299,2, Graduate, No,2200000,4800000,6,721,1800000.0,100000.0,6900000.0,2200000.0, Approved
1303,3, Not Graduate, No,7700000,18700000,8,483,15100000.0,5600000.0,24600000.0,10200000.0, Rejected
1308,5, Graduate, Yes,8000000,29800000,18,867,17700000.0,14100000.0,22800000.0,9200000.0, Approved
1309,1, Not Graduate, Yes,9900000,38500000,2,875,19600000.0,2900000.0,20200000.0,6500000.0, Approved
1311,2, Graduate, Yes,4900000,12000000,20,513,14200000.0,8100000.0,18300000.0,4800000.0, Rejected
1312,3, Graduate, Yes,7000000,24200000,2,354,18200000.0,7000000.0,15900000.0,7900000.0, Approved
1313,2, Not Graduate, No,9600000,25900000,18,647,11800000.0,9900000.0,35600000.0,11500000.0, Approved
1316,4, Not Graduate, Yes,4100000,9600000,10,521,11900000.0,7100000.0,14100000.0,4900000.0, Rejected
1324,4, Not Graduate, No,1600000,5100000,8,705,2400000.0,800000.0,5100000.0,1900000.0, Approved
1325,1, Not Graduate, Yes,1300000,5000000,20,423,900000.0,800000.0,3900000.0,1600000.0, Rejected
1327,2, Not Graduate, No,2100000,5000000,4,542,700000.0,600000.0,6600000.0,3100000.0, Rejected
1330,1, Not Graduate, Yes,3000000,6800000,10,541,5800000.0,5700000.0,10700000.0,2900000.0, Rejected
1331,1, Graduate, No,900000,2900000,20,782,0.0,1500000.0,3500000.0,800000.0, Approved
1334,0, Graduate, Yes,5000000,18900000,6,641,4300000.0,8500000.0,19600000.0,6700000.0, Approved
1335,3, Graduate, Yes,500000,1700000,4,640,400000.0,700000.0,1300000.0,200000.0, Approved
1338,0, Not Graduate, Yes,6600000,23300000,12,338,2400000.0,800000.0,18900000.0,9300000.0, Rejected
1346,1, Graduate, No,1200000,3400000,20,717,3100000.0,1500000.0,2500000.0,900000.0, Approved
1347,2, Graduate, Yes,7700000,19300000,8,735,1200000.0,1900000.0,23800000.0,10400000.0, Approved
1348,5, Graduate, Yes,7800000,22000000,20,528,5800000.0,8800000.0,24700000.0,4900000.0, Rejected
1350,0, Not Graduate, No,1700000,5700000,12,422,3400000.0,1100000.0,6500000.0,900000.0, Rejected
1353,2, Graduate, No,2400000,7700000,6,719,6000000.0,1700000.0,6700000.0,1600000.0, Approved
1354,3, Not Graduate, Yes,2700000,6100000,14,630,3900000.0,2800000.0,10600000.0,2300000.0, Approved
1355,3, Not Graduate, Yes,600000,1800000,4,843,1400000.0,300000.0,1700000.0,400000.0, Approved
1356,2, Graduate, No,4600000,15600000,2,764,7700000.0,1500000.0,16000000.0,5800000.0, Approved
1357,3, Graduate, No,7200000,17700000,4,662,13100000.0,11500000.0,16300000.0,5300000.0, Approved
1360,5, Graduate, No,4700000,10200000,16,874,10800000.0,7700000.0,11100000.0,7000000.0, Approved
1361,4, Not Graduate, Yes,8700000,30000000,4,370,17600000.0,15600000.0,34600000.0,12100000.0, Approved
1364,1, Not Graduate, No,6800000,16900000,12,779,13800000.0,10200000.0,23400000.0,4400000.0, Approved
1365,1, Not Graduate, No,6400000,14100000,20,553,11700000.0,4500000.0,20000000.0,3600000.0, Approved
1366,4, Not Graduate, No,7600000,29900000,18,445,4800000.0,13900000.0,18400000.0,5700000.0, Rejected
1367,3, Not Graduate, No,9000000,21400000,8,496,16400000.0,7300000.0,31800000.0,12500000.0, Rejected
1368,0, Graduate, Yes,2400000,5900000,10,650,5100000.0,3700000.0,5300000.0,2300000.0, Approved
1374,0, Not Graduate, Yes,6800000,17300000,18,841,10500000.0,8600000.0,16000000.0,8700000.0, Approved
1375,4, Not Graduate, Yes,5300000,10700000,12,700,15800000.0,1900000.0,20500000.0,2900000.0, Approved
1381,1, Not Graduate, No,3800000,9800000,8,335,100000.0,5100000.0,14200000.0,1800000.0, Rejected
1382,5, Graduate, Yes,1500000,4900000,6,618,3400000.0,1000000.0,3200000.0,900000.0, Approved
1383,3, Not Graduate, No,1200000,2400000,12,480,3000000.0,100000.0,3100000.0,1700000.0, Rejected
1386,1, Not Graduate, No,1600000,5100000,12,548,2200000.0,2700000.0,3600000.0,800000.0, Rejected
1392,0, Not Graduate, Yes,1500000,4100000,12,789,3600000.0,1600000.0,5800000.0,1300000.0, Approved
1393,0, Graduate, Yes,400000,900000,2,855,-100000.0,500000.0,1300000.0,400000.0, Approved
1394,0, Not Graduate, No,8700000,33600000,14,751,7100000.0,13700000.0,22800000.0,7000000.0, Approved
1395,3, Not Graduate, No,7000000,21600000,12,739,1600000.0,7600000.0,24500000.0,8400000.0, Approved
1397,4, Not Graduate, Yes,7600000,23800000,16,896,3700000.0,4500000.0,15400000.0,6400000.0, Approved
1400,0, Graduate, No,4800000,15100000,6,848,1300000.0,300000.0,18800000.0,3500000.0, Approved
1401,3, Not Graduate, Yes,600000,2400000,12,884,600000.0,800000.0,1400000.0,600000.0, Approved
1402,3, Graduate, Yes,4900000,14300000,14,439,10300000.0,5600000.0,17400000.0,5100000.0, Rejected
1404,3, Graduate, Yes,9100000,18800000,20,308,14500000.0,10200000.0,20500000.0,4800000.0, Rejected
1406,3, Graduate, Yes,8400000,19600000,2,741,21500000.0,200000.0,18700000.0,8300000.0, Approved
1407,4, Graduate, No,7900000,31400000,8,698,16500000.0,11400000.0,28700000.0,5100000.0, Approved
1410,3, Graduate, Yes,9900000,29900000,20,490,10500000.0,9100000.0,27100000.0,7400000.0, Rejected
1411,2, Not Graduate, No,9500000,25400000,16,451,19000000.0,2900000.0,33800000.0,11400000.0, Rejected
1412,4, Graduate, Yes,1900000,6800000,6,559,3600000.0,2200000.0,6200000.0,1200000.0, Approved
1413,4, Graduate, Yes,6900000,21400000,10,577,12500000.0,2200000.0,14900000.0,6300000.0, Approved
1416,0, Graduate, Yes,2300000,6000000,8,690,5500000.0,2900000.0,6000000.0,2000000.0, Approved
1417,2, Not Graduate, No,7800000,17100000,14,351,19000000.0,7200000.0,19300000.0,7100000.0, Rejected
1419,0, Graduate, Yes,9400000,19200000,20,708,21200000.0,16300000.0,23400000.0,13200000.0, Approved
1420,2, Graduate, No,9100000,21700000,12,549,25500000.0,11000000.0,34700000.0,12200000.0, Rejected
1421,1, Graduate, Yes,9000000,18800000,8,797,4100000.0,9400000.0,22900000.0,7500000.0, Approved
1422,4, Not Graduate, No,7100000,14300000,14,537,13700000.0,10400000.0,18200000.0,6100000.0, Rejected
1423,3, Graduate, No,800000,2500000,12,828,1700000.0,0.0,1500000.0,700000.0, Approved
1425,5, Graduate, No,8500000,25400000,4,336,8500000.0,1200000.0,30600000.0,9000000.0, Rejected
1426,3, Not Graduate, Yes,2500000,9800000,16,424,4700000.0,3200000.0,5800000.0,1300000.0, Rejected
1427,2, Graduate, No,1500000,3300000,18,440,800000.0,2300000.0,3000000.0,1800000.0, Rejected
1428,0, Not Graduate, No,6200000,17300000,8,583,3700000.0,3900000.0,13600000.0,3300000.0, Approved
1429,1, Not Graduate, Yes,1300000,2900000,6,480,2900000.0,300000.0,2900000.0,1400000.0, Rejected
1430,5, Not Graduate, No,6600000,25800000,10,670,4600000.0,7200000.0,20600000.0,8500000.0, Approved
1432,5, Not Graduate, No,1400000,3000000,6,754,3500000.0,2700000.0,5300000.0,1400000.0, Approved
1434,3, Not Graduate, No,6500000,16500000,4,551,5300000.0,800000.0,18500000.0,7600000.0, Approved
1435,3, Graduate, No,8300000,18900000,4,316,20200000.0,9700000.0,21300000.0,8200000.0, Rejected
1436,2, Not Graduate, Yes,8900000,32200000,12,382,0.0,11300000.0,20500000.0,5400000.0, Rejected
1438,0, Graduate, No,2800000,7300000,6,676,3500000.0,2200000.0,5700000.0,3200000.0, Approved
1439,1, Not Graduate, No,8000000,27800000,6,667,6000000.0,12600000.0,22500000.0,9900000.0, Approved
1440,3, Not Graduate, No,3900000,10500000,20,821,1600000.0,6300000.0,11000000.0,3900000.0, Approved
1441,0, Graduate, No,6200000,20100000,20,345,9300000.0,5900000.0,17400000.0,4100000.0, Rejected
1442,3, Not Graduate, Yes,5900000,19200000,10,442,9500000.0,500000.0,18300000.0,4700000.0, Rejected
1443,1, Graduate, Yes,6000000,23300000,12,672,2000000.0,11300000.0,19600000.0,6400000.0, Approved
1444,3, Not Graduate, Yes,9100000,29300000,2,508,19000000.0,5100000.0,31600000.0,11900000.0, Approved
1445,5, Graduate, Yes,3400000,12300000,10,615,7000000.0,1600000.0,11400000.0,3500000.0, Approved
1446,1, Graduate, Yes,1800000,4400000,8,689,3200000.0,2500000.0,3800000.0,1600000.0, Approved
1447,1, Graduate, No,300000,1200000,18,747,100000.0,0.0,700000.0,200000.0, Rejected
1448,1, Graduate, Yes,9000000,22800000,10,412,0.0,15600000.0,32000000.0,4700000.0, Rejected
1452,4, Not Graduate, No,6600000,17300000,14,793,16700000.0,1400000.0,17500000.0,3900000.0, Approved
1453,2, Not Graduate, No,6100000,21800000,4,407,9800000.0,100000.0,20200000.0,5800000.0, Approved
1455,3, Not Graduate, Yes,300000,1000000,12,469,600000.0,400000.0,700000.0,300000.0, Rejected
1456,4, Graduate, No,4700000,10400000,6,373,6800000.0,8600000.0,14300000.0,5400000.0, Rejected
1457,4, Graduate, Yes,1500000,5800000,2,304,2400000.0,1600000.0,3300000.0,1400000.0, Approved
1458,5, Not Graduate, No,2700000,8300000,8,833,4600000.0,1300000.0,6800000.0,3300000.0, Approved
1459,2, Graduate, No,6900000,20900000,2,302,18700000.0,10700000.0,26900000.0,9200000.0, Approved
1461,1, Graduate, No,4100000,10000000,6,891,4900000.0,300000.0,12600000.0,3600000.0, Approved
1462,3, Not Graduate, No,4100000,12200000,2,457,700000.0,500000.0,14100000.0,4900000.0, Rejected
1463,4, Not Graduate, No,1600000,3200000,16,657,200000.0,100000.0,5700000.0,1200000.0, Approved
1464,2, Not Graduate, Yes,400000,1400000,2,480,200000.0,700000.0,1600000.0,200000.0, Approved
1465,5, Graduate, Yes,4400000,17300000,20,840,3600000.0,5100000.0,12900000.0,2300000.0, Approved
1468,1, Graduate, Yes,9000000,33500000,2,748,7900000.0,9800000.0,25700000.0,11500000.0, Approved
1470,2, Graduate, Yes,6900000,13900000,8,829,14300000.0,8100000.0,22400000.0,4600000.0, Approved
1471,3, Not Graduate, No,4300000,11100000,6,312,4800000.0,3800000.0,10100000.0,3300000.0, Rejected
1472,3, Not Graduate, No,6600000,21400000,10,467,15200000.0,6000000.0,20300000.0,5200000.0, Rejected
1474,3, Graduate, Yes,400000,1100000,6,711,100000.0,300000.0,1400000.0,100000.0, Approved
1476,5, Not Graduate, No,9700000,28400000,4,494,5300000.0,12000000.0,24400000.0,10000000.0, Rejected
1477,2, Graduate, Yes,5400000,10900000,14,741,1300000.0,6000000.0,20400000.0,5600000.0, Approved
1478,4, Not Graduate, No,1200000,3300000,12,876,400000.0,100000.0,3800000.0,1000000.0, Approved
1479,0, Graduate, Yes,7000000,26400000,14,610,14300000.0,0.0,13900000.0,5300000.0, Approved
1481,5, Graduate, Yes,700000,1800000,14,571,200000.0,400000.0,1900000.0,400000.0, Approved
1485,0, Not Graduate, Yes,5400000,10900000,20,366,3700000.0,500000.0,21000000.0,4800000.0, Rejected
1486,1, Not Graduate, Yes,1800000,5500000,10,426,5000000.0,1500000.0,5900000.0,1600000.0, Rejected
1488,3, Not Graduate, Yes,1400000,4600000,8,543,1500000.0,1200000.0,2700000.0,2000000.0, Rejected
1490,0, Not Graduate, Yes,3300000,13100000,12,812,4800000.0,4900000.0,7500000.0,4300000.0, Approved
1491,0, Not Graduate, No,7000000,25300000,14,697,15100000.0,10400000.0,14300000.0,6700000.0, Approved
1492,1, Not Graduate, No,3900000,15100000,12,527,10600000.0,5100000.0,11100000.0,3800000.0, Rejected
1493,1, Not Graduate, No,5700000,17200000,4,512,4300000.0,7000000.0,21400000.0,3000000.0, Approved
1494,0, Graduate, No,4100000,9200000,4,671,3400000.0,6300000.0,10400000.0,4900000.0, Approved
1497,3, Not Graduate, Yes,2500000,7700000,16,485,2000000.0,3600000.0,5600000.0,3200000.0, Rejected
1498,0, Not Graduate, Yes,900000,2100000,6,521,100000.0,1700000.0,2100000.0,700000.0, Rejected
1499,1, Not Graduate, No,2900000,7400000,10,874,400000.0,1200000.0,10100000.0,3300000.0, Approved
1501,2, Not Graduate, No,5200000,14800000,12,659,11500000.0,5200000.0,18100000.0,4100000.0, Approved
1503,2, Graduate, Yes,4800000,13200000,20,310,11800000.0,4600000.0,12900000.0,4200000.0, Rejected
1504,0, Graduate, No,2000000,4700000,6,785,2900000.0,1800000.0,6700000.0,1700000.0, Approved
1506,3, Not Graduate, Yes,5300000,19600000,2,433,14700000.0,9900000.0,10800000.0,3000000.0, Approved
1507,1, Not Graduate, Yes,400000,1300000,18,801,100000.0,0.0,1500000.0,600000.0, Approved
1509,0, Not Graduate, Yes,2300000,6000000,16,756,2900000.0,2100000.0,7500000.0,1200000.0, Approved
1510,3, Graduate, No,1000000,2800000,4,757,2500000.0,100000.0,3800000.0,900000.0, Approved
1512,3, Graduate, Yes,3400000,7200000,12,733,4800000.0,2700000.0,8100000.0,2200000.0, Approved
1513,0, Not Graduate, No,9600000,38200000,8,421,1600000.0,14100000.0,33600000.0,13800000.0, Rejected
1515,3, Graduate, No,4700000,17400000,10,393,12400000.0,5300000.0,18700000.0,5300000.0, Rejected
1519,4, Graduate, Yes,2400000,7100000,16,871,7000000.0,300000.0,8500000.0,3500000.0, Approved
1520,4, Graduate, Yes,7900000,21500000,16,497,2200000.0,5200000.0,23100000.0,7700000.0, Rejected
1521,0, Graduate, No,1400000,2700000,2,649,2600000.0,1000000.0,5500000.0,1100000.0, Approved
1522,0, Graduate, Yes,3500000,10000000,14,709,5300000.0,1800000.0,9200000.0,5000000.0, Approved
1525,2, Not Graduate, Yes,3000000,7100000,4,819,5400000.0,4800000.0,6000000.0,2100000.0, Approved
1526,5, Not Graduate, Yes,3400000,9400000,16,535,3100000.0,5600000.0,12900000.0,3200000.0, Rejected
1527,0, Graduate, Yes,400000,1200000,14,889,1100000.0,200000.0,700000.0,200000.0, Approved
1529,5, Graduate, Yes,400000,800000,2,759,100000.0,500000.0,1300000.0,300000.0, Approved
1530,3, Graduate, Yes,9000000,33600000,2,426,21600000.0,16200000.0,20700000.0,11900000.0, Approved
1532,4, Graduate, Yes,2000000,4700000,2,615,500000.0,100000.0,6700000.0,3000000.0, Approved
1533,2, Graduate, No,4700000,14000000,12,784,13400000.0,2700000.0,14800000.0,6900000.0, Approved
1535,1, Not Graduate, No,2600000,7900000,12,306,2000000.0,2400000.0,7600000.0,3300000.0, Rejected
1540,4, Not Graduate, Yes,1500000,4600000,6,524,3700000.0,2000000.0,5000000.0,1400000.0, Rejected
1541,1, Not Graduate, No,6200000,23100000,16,838,9100000.0,1400000.0,23500000.0,7000000.0, Approved
1544,2, Graduate, Yes,600000,2400000,6,454,100000.0,600000.0,2300000.0,300000.0, Rejected
1545,4, Not Graduate, No,4300000,16500000,4,539,10600000.0,6100000.0,9300000.0,2100000.0, Approved
1548,1, Graduate, Yes,9900000,34100000,14,371,24400000.0,7100000.0,29300000.0,6200000.0, Rejected
1549,5, Graduate, No,700000,1900000,4,784,500000.0,1000000.0,2100000.0,600000.0, Approved
1550,1, Graduate, Yes,2100000,7300000,16,826,1600000.0,3500000.0,7700000.0,1400000.0, Approved
1551,2, Not Graduate, No,3200000,10500000,12,502,4300000.0,1500000.0,10000000.0,4500000.0, Rejected
1552,0, Graduate, No,2900000,7800000,8,367,700000.0,3700000.0,7700000.0,3600000.0, Rejected
1554,1, Graduate, No,3700000,13600000,16,608,400000.0,2200000.0,13400000.0,2800000.0, Approved
1557,5, Not Graduate, Yes,5600000,20500000,8,873,5500000.0,9500000.0,19400000.0,7800000.0, Approved
1561,5, Not Graduate, Yes,2500000,9600000,6,345,1900000.0,1900000.0,6800000.0,2600000.0, Rejected
1562,4, Graduate, Yes,3100000,8100000,12,730,6300000.0,4500000.0,9000000.0,4500000.0, Approved
1563,1, Graduate, Yes,7600000,19300000,20,835,5800000.0,2300000.0,22000000.0,8200000.0, Approved
1564,3, Not Graduate, Yes,500000,1700000,2,811,500000.0,500000.0,1400000.0,200000.0, Approved
1565,2, Not Graduate, No,2700000,5900000,14,662,3200000.0,1600000.0,7300000.0,3800000.0, Approved
1566,2, Not Graduate, Yes,3500000,13300000,4,420,6400000.0,1700000.0,8000000.0,2300000.0, Approved
1568,2, Not Graduate, Yes,5600000,20000000,10,367,13700000.0,5000000.0,19100000.0,6000000.0, Rejected
1569,5, Not Graduate, Yes,4800000,16400000,14,390,8400000.0,2400000.0,9500000.0,4000000.0, Rejected
1570,4, Not Graduate, Yes,5200000,12200000,2,602,10300000.0,800000.0,20500000.0,7700000.0, Approved
1572,1, Graduate, No,2700000,6800000,20,713,500000.0,3300000.0,6100000.0,1900000.0, Approved
1573,3, Graduate, No,5000000,16200000,8,591,1900000.0,3400000.0,14000000.0,5000000.0, Approved
1574,2, Not Graduate, Yes,2700000,9400000,14,701,400000.0,3400000.0,9900000.0,1900000.0, Approved
1575,4, Not Graduate, Yes,2800000,10000000,12,655,4900000.0,3600000.0,8500000.0,3300000.0, Approved
1577,0, Graduate, Yes,5900000,15100000,10,794,6000000.0,4300000.0,14900000.0,5400000.0, Approved
1579,3, Graduate, Yes,1900000,7100000,6,583,400000.0,2800000.0,6500000.0,2000000.0, Approved
1580,5, Graduate, No,1800000,6800000,18,457,2200000.0,1100000.0,3800000.0,1400000.0, Rejected
1582,1, Graduate, No,9100000,30100000,14,890,17800000.0,12400000.0,32500000.0,7500000.0, Approved
1583,2, Not Graduate, Yes,5300000,12300000,14,472,10000000.0,1600000.0,20400000.0,3300000.0, Rejected
1584,2, Not Graduate, No,3700000,10900000,12,788,1700000.0,700000.0,12200000.0,2600000.0, Approved
1586,3, Graduate, No,8300000,30500000,10,473,13300000.0,9400000.0,23300000.0,11800000.0, Rejected
1587,5, Graduate, No,6400000,21500000,16,728,300000.0,5200000.0,17400000.0,9600000.0, Approved
1588,5, Graduate, Yes,5300000,17800000,16,505,9200000.0,8500000.0,14600000.0,4100000.0, Rejected
1589,0, Graduate, Yes,5600000,19300000,6,407,3400000.0,3600000.0,14200000.0,8400000.0, Rejected
1593,2, Not Graduate, Yes,7400000,14900000,20,627,15900000.0,10100000.0,19000000.0,10300000.0, Approved
1595,3, Graduate, Yes,8800000,30200000,8,607,13600000.0,12700000.0,21500000.0,5900000.0, Approved
1597,1, Not Graduate, Yes,8100000,26900000,6,522,23000000.0,2100000.0,18700000.0,4200000.0, Rejected
1598,2, Not Graduate, Yes,2300000,9100000,20,610,3700000.0,600000.0,7800000.0,3400000.0, Approved
1600,2, Not Graduate, Yes,3900000,9300000,8,591,10900000.0,2700000.0,9600000.0,3300000.0, Approved
1602,0, Not Graduate, Yes,2100000,4900000,10,359,1000000.0,800000.0,6100000.0,1000000.0, Rejected
1604,5, Not Graduate, Yes,3500000,11800000,4,642,2300000.0,2900000.0,11900000.0,3600000.0, Approved
1606,3, Not Graduate, Yes,8800000,26200000,20,865,19300000.0,9800000.0,27700000.0,12500000.0, Approved
1607,3, Graduate, No,900000,3100000,10,369,1400000.0,100000.0,1700000.0,500000.0, Rejected
1609,5, Not Graduate, No,5500000,21200000,4,582,12100000.0,8300000.0,17100000.0,3100000.0, Approved
1610,5, Not Graduate, Yes,9800000,23200000,10,416,11000000.0,17300000.0,21600000.0,8500000.0, Rejected
1613,5, Graduate, Yes,5800000,13000000,8,851,6700000.0,8700000.0,17700000.0,4100000.0, Approved
1615,3, Graduate, No,4300000,16300000,10,366,6900000.0,6700000.0,12300000.0,5500000.0, Rejected
1616,1, Graduate, No,1200000,2800000,12,431,900000.0,400000.0,2900000.0,900000.0, Rejected
1617,5, Not Graduate, Yes,9700000,25900000,2,754,9000000.0,10000000.0,28500000.0,6700000.0, Approved
1619,1, Not Graduate, Yes,5300000,14100000,14,510,13300000.0,10400000.0,18900000.0,7800000.0, Rejected
1620,1, Graduate, No,7300000,24200000,20,324,12900000.0,3700000.0,18400000.0,9000000.0, Rejected
1623,3, Graduate, Yes,9000000,32900000,6,657,9900000.0,600000.0,29200000.0,12000000.0, Approved
1624,5, Not Graduate, No,6500000,23300000,12,790,600000.0,9700000.0,15500000.0,9500000.0, Approved
1626,2, Not Graduate, Yes,9900000,33200000,4,465,26300000.0,17000000.0,24400000.0,5000000.0, Approved
1627,4, Not Graduate, No,2900000,8700000,6,409,3700000.0,5500000.0,8200000.0,2200000.0, Rejected
1630,3, Not Graduate, No,4200000,11400000,10,654,8800000.0,400000.0,16200000.0,5700000.0, Approved
1631,0, Not Graduate, No,7600000,26500000,6,515,6200000.0,14900000.0,22000000.0,4000000.0, Rejected
1633,1, Not Graduate, Yes,4700000,16000000,14,406,4000000.0,5300000.0,14300000.0,3300000.0, Rejected
1634,0, Graduate, Yes,9800000,23200000,10,573,23900000.0,3300000.0,23600000.0,14600000.0, Approved
1635,0, Graduate, Yes,9800000,38700000,2,611,6600000.0,10400000.0,33000000.0,6000000.0, Approved
1638,3, Graduate, No,4500000,12500000,12,469,4100000.0,7600000.0,14200000.0,3400000.0, Rejected
1641,2, Graduate, No,3200000,10400000,10,556,8200000.0,5600000.0,11500000.0,4500000.0, Approved
1643,2, Not Graduate, Yes,8700000,18900000,2,554,3900000.0,1900000.0,18000000.0,11500000.0, Approved
1647,0, Not Graduate, No,5900000,20300000,4,806,300000.0,3700000.0,16400000.0,4800000.0, Approved
1648,4, Not Graduate, Yes,3200000,12800000,8,638,4300000.0,2600000.0,8000000.0,3800000.0, Approved
1649,1, Not Graduate, Yes,1300000,5000000,4,610,3400000.0,800000.0,4500000.0,900000.0, Approved
1650,2, Not Graduate, Yes,1300000,3200000,4,810,3800000.0,2100000.0,4300000.0,800000.0, Approved
1654,3, Not Graduate, Yes,6400000,23500000,12,684,17200000.0,10300000.0,25300000.0,7400000.0, Approved
1656,2, Not Graduate, No,6900000,23900000,12,814,13000000.0,1900000.0,26600000.0,6000000.0, Approved
1657,0, Not Graduate, No,4200000,14800000,20,510,9200000.0,5700000.0,11900000.0,2600000.0, Rejected
1660,1, Not Graduate, No,500000,1700000,2,680,700000.0,800000.0,1400000.0,700000.0, Approved
1661,0, Graduate, No,3500000,8800000,12,803,5400000.0,300000.0,8400000.0,3400000.0, Approved
1663,3, Not Graduate, Yes,4900000,19000000,4,575,14100000.0,9100000.0,16500000.0,4600000.0, Approved
1664,1, Not Graduate, No,1000000,3600000,4,546,2500000.0,0.0,2600000.0,500000.0, Approved
1666,1, Graduate, No,4100000,9400000,6,713,0.0,1000000.0,11100000.0,3100000.0, Approved
1667,4, Not Graduate, Yes,1600000,3800000,2,896,1200000.0,400000.0,4800000.0,2000000.0, Approved
1671,4, Not Graduate, Yes,1600000,4400000,20,382,1700000.0,300000.0,5200000.0,1900000.0, Rejected
1672,2, Not Graduate, No,3900000,14900000,6,415,2200000.0,4300000.0,9500000.0,4600000.0, Rejected
1673,5, Graduate, Yes,2000000,6300000,4,366,5300000.0,2200000.0,5400000.0,2800000.0, Approved
1675,1, Not Graduate, No,9800000,21300000,2,356,23000000.0,12300000.0,25700000.0,14600000.0, Rejected
1676,5, Not Graduate, No,7900000,29900000,6,568,5800000.0,13900000.0,15900000.0,8700000.0, Approved
1677,1, Graduate, No,1600000,4000000,10,615,2200000.0,2700000.0,5500000.0,1400000.0, Approved
1678,1, Graduate, Yes,6400000,13900000,12,313,18600000.0,6300000.0,18600000.0,4900000.0, Rejected
1680,4, Graduate, No,1600000,5500000,10,577,400000.0,1200000.0,4100000.0,1400000.0, Approved
1681,0, Graduate, No,9200000,30700000,10,455,24900000.0,2000000.0,32900000.0,5200000.0, Rejected
1683,1, Not Graduate, Yes,4000000,9400000,8,509,1000000.0,4100000.0,10800000.0,5500000.0, Rejected
1684,2, Not Graduate, Yes,6100000,19400000,8,379,5300000.0,10800000.0,14300000.0,4100000.0, Rejected
1686,0, Not Graduate, Yes,2500000,9900000,6,623,6000000.0,1800000.0,6200000.0,1800000.0, Approved
1687,5, Graduate, No,3200000,8700000,16,558,2600000.0,2500000.0,9100000.0,1800000.0, Approved
1688,4, Graduate, No,1700000,4300000,18,580,1500000.0,2400000.0,6600000.0,1700000.0, Approved
1689,4, Graduate, No,6300000,17600000,6,612,16000000.0,3300000.0,23500000.0,3200000.0, Approved
1691,4, Graduate, Yes,1100000,2700000,18,301,2800000.0,1600000.0,3300000.0,1500000.0, Rejected
1692,1, Not Graduate, Yes,8900000,32000000,16,711,4300000.0,1200000.0,22100000.0,5200000.0, Approved
1693,3, Graduate, No,300000,700000,20,735,900000.0,200000.0,900000.0,400000.0, Approved
1697,3, Not Graduate, Yes,5800000,18200000,16,835,1000000.0,6100000.0,14600000.0,7900000.0, Approved
1700,3, Not Graduate, No,7600000,26600000,4,689,5300000.0,600000.0,24300000.0,8600000.0, Approved
1702,1, Graduate, Yes,4300000,10100000,2,797,4400000.0,4500000.0,16300000.0,4700000.0, Approved
1704,5, Graduate, No,5400000,19700000,20,423,6500000.0,10000000.0,15700000.0,7300000.0, Rejected
1706,5, Not Graduate, No,8500000,31300000,12,378,21400000.0,13100000.0,30400000.0,8800000.0, Rejected
1709,1, Not Graduate, Yes,2400000,9300000,20,543,700000.0,800000.0,5000000.0,3400000.0, Rejected
1710,4, Graduate, No,6300000,15000000,18,750,800000.0,6500000.0,15400000.0,7700000.0, Approved
1716,4, Not Graduate, Yes,4700000,13700000,14,600,12100000.0,8400000.0,17700000.0,5000000.0, Approved
1718,0, Graduate, No,9700000,30400000,4,300,17100000.0,16600000.0,38100000.0,9200000.0, Approved
1719,4, Not Graduate, Yes,7600000,20000000,18,691,5000000.0,8700000.0,23400000.0,11200000.0, Approved
1720,1, Graduate, No,8400000,24700000,8,519,12900000.0,16700000.0,17300000.0,6000000.0, Rejected
1721,3, Graduate, Yes,3800000,15100000,20,540,9400000.0,1000000.0,9300000.0,3600000.0, Rejected
1723,2, Not Graduate, No,5700000,21300000,10,323,1600000.0,11200000.0,16200000.0,5100000.0, Rejected
1726,3, Not Graduate, Yes,3700000,13800000,10,621,4000000.0,800000.0,11900000.0,5300000.0, Approved
1728,4, Graduate, No,3900000,11000000,2,786,7900000.0,1600000.0,10700000.0,2100000.0, Approved
1730,3, Graduate, Yes,5800000,16700000,18,633,8100000.0,8400000.0,14700000.0,3700000.0, Approved
1731,4, Graduate, Yes,3800000,14000000,6,711,9500000.0,7300000.0,14500000.0,3100000.0, Approved
1734,1, Not Graduate, Yes,6800000,13700000,10,879,500000.0,2600000.0,22000000.0,6800000.0, Approved
1736,1, Graduate, Yes,5300000,11500000,14,848,1300000.0,3600000.0,14700000.0,5700000.0, Approved
1737,2, Graduate, No,6600000,23200000,16,555,9900000.0,6500000.0,23300000.0,3300000.0, Approved
1740,4, Not Graduate, Yes,2500000,6100000,20,478,5900000.0,800000.0,9500000.0,3200000.0, Rejected
1742,1, Not Graduate, No,2300000,8200000,8,784,2000000.0,0.0,7600000.0,1100000.0, Approved
1744,4, Graduate, Yes,2600000,5900000,6,471,3500000.0,1900000.0,7300000.0,3400000.0, Rejected
1745,4, Not Graduate, Yes,9300000,36700000,20,808,16500000.0,14700000.0,26500000.0,7100000.0, Approved
1746,4, Not Graduate, No,5300000,18500000,8,470,2900000.0,9300000.0,14900000.0,4900000.0, Rejected
1748,4, Not Graduate, Yes,3500000,12000000,8,314,7700000.0,100000.0,12600000.0,2700000.0, Rejected
1749,2, Graduate, No,4200000,10200000,14,407,5900000.0,4500000.0,12000000.0,2500000.0, Rejected
1751,2, Graduate, No,4300000,9800000,2,499,4400000.0,4500000.0,12600000.0,5100000.0, Rejected
1754,3, Not Graduate, No,5500000,16200000,18,778,4700000.0,10700000.0,15300000.0,6100000.0, Approved
1756,0, Graduate, No,3700000,12300000,16,831,8000000.0,2200000.0,11200000.0,2400000.0, Approved
1758,5, Not Graduate, No,5800000,22800000,12,600,16000000.0,1100000.0,20700000.0,5700000.0, Approved
1759,4, Graduate, No,7900000,30600000,2,569,7600000.0,3400000.0,20100000.0,7400000.0, Approved
1761,0, Not Graduate, No,4100000,14500000,12,441,9900000.0,300000.0,15700000.0,3900000.0, Rejected
1764,0, Graduate, No,2000000,6200000,14,613,100000.0,1800000.0,5400000.0,1300000.0, Approved
1765,2, Not Graduate, Yes,600000,1100000,8,885,700000.0,0.0,1200000.0,300000.0, Approved
1768,5, Graduate, Yes,200000,400000,18,822,200000.0,300000.0,600000.0,300000.0, Approved
1769,4, Not Graduate, No,9900000,29100000,18,772,24100000.0,19400000.0,26800000.0,11700000.0, Approved
1771,4, Not Graduate, Yes,3500000,10300000,10,337,9000000.0,5600000.0,10500000.0,4500000.0, Rejected
1773,3, Not Graduate, Yes,8700000,29300000,4,312,9000000.0,2800000.0,30000000.0,4900000.0, Approved
1774,2, Graduate, Yes,5500000,12400000,14,842,-100000.0,6800000.0,15800000.0,5800000.0, Approved
1775,3, Graduate, Yes,1800000,5100000,8,790,100000.0,0.0,3700000.0,2000000.0, Approved
1776,2, Graduate, No,8000000,31900000,16,806,19900000.0,1800000.0,23200000.0,5400000.0, Approved
1777,5, Not Graduate, Yes,7500000,17000000,8,300,7800000.0,8300000.0,18900000.0,6700000.0, Rejected
1779,2, Graduate, Yes,1600000,4700000,12,582,1500000.0,1300000.0,5200000.0,1000000.0, Approved
1780,5, Graduate, No,1300000,2700000,6,607,800000.0,1500000.0,4700000.0,1600000.0, Approved
1781,5, Graduate, Yes,2400000,8200000,10,709,2100000.0,3700000.0,8800000.0,2800000.0, Approved
1782,4, Graduate, Yes,4100000,11600000,14,854,500000.0,6900000.0,12700000.0,5700000.0, Approved
1783,2, Not Graduate, Yes,7300000,15200000,20,776,14700000.0,9600000.0,26400000.0,4100000.0, Approved
1788,2, Not Graduate, Yes,5700000,18100000,20,491,6800000.0,100000.0,17700000.0,3900000.0, Rejected
1789,0, Graduate, Yes,5800000,14100000,16,570,8200000.0,4200000.0,16400000.0,3700000.0, Approved
1790,1, Not Graduate, No,900000,3500000,18,395,2500000.0,800000.0,3000000.0,1300000.0, Rejected
1791,0, Not Graduate, Yes,2200000,7500000,10,497,2300000.0,2100000.0,5700000.0,1800000.0, Rejected
1792,3, Not Graduate, Yes,1800000,5300000,14,440,2000000.0,100000.0,3700000.0,1000000.0, Rejected
1794,2, Graduate, Yes,7600000,18100000,14,320,14700000.0,2600000.0,28100000.0,8500000.0, Rejected
1796,3, Graduate, Yes,4600000,10900000,12,856,13500000.0,5100000.0,9400000.0,3300000.0, Approved
1797,3, Graduate, No,2300000,6800000,10,418,2800000.0,2700000.0,6300000.0,1400000.0, Rejected
1800,2, Not Graduate, Yes,9500000,36800000,6,493,24100000.0,13800000.0,32100000.0,6200000.0, Rejected
1801,2, Graduate, No,9300000,21200000,2,509,2800000.0,2600000.0,35800000.0,6600000.0, Rejected
1802,4, Graduate, No,4700000,17000000,4,364,2900000.0,4600000.0,18800000.0,6200000.0, Approved
1803,5, Not Graduate, No,6000000,24000000,20,639,300000.0,7300000.0,15100000.0,6600000.0, Approved
1805,0, Not Graduate, Yes,4600000,14800000,6,433,12100000.0,4600000.0,11100000.0,6700000.0, Rejected
1809,1, Not Graduate, Yes,7800000,22200000,10,763,11200000.0,1400000.0,27000000.0,4900000.0, Approved
1810,0, Graduate, Yes,2900000,10800000,20,694,6400000.0,200000.0,10600000.0,2100000.0, Approved
1811,3, Not Graduate, No,500000,1200000,6,757,1300000.0,100000.0,1200000.0,600000.0, Approved
1812,0, Not Graduate, No,2500000,6900000,12,471,7100000.0,4000000.0,5200000.0,1500000.0, Rejected
1815,5, Not Graduate, No,6000000,19700000,20,376,14700000.0,10700000.0,17100000.0,5500000.0, Rejected
1817,5, Not Graduate, Yes,8000000,22500000,20,784,7600000.0,7300000.0,26000000.0,10800000.0, Approved
1821,1, Graduate, No,5100000,11800000,12,314,14700000.0,7600000.0,12400000.0,4900000.0, Rejected
1822,4, Graduate, Yes,1500000,3300000,16,382,200000.0,2400000.0,3200000.0,1100000.0, Rejected
1824,2, Graduate, Yes,6300000,24600000,8,464,7700000.0,2200000.0,13000000.0,6900000.0, Rejected
1826,3, Not Graduate, No,8100000,30400000,12,606,900000.0,1100000.0,31900000.0,11600000.0, Approved
1827,1, Graduate, No,6300000,22000000,20,646,9500000.0,7900000.0,13500000.0,5500000.0, Approved
1828,1, Graduate, No,1100000,3600000,20,495,1600000.0,1100000.0,3100000.0,500000.0, Rejected
1830,1, Not Graduate, Yes,3000000,6000000,16,518,3800000.0,1700000.0,11600000.0,3900000.0, Rejected
1832,0, Not Graduate, No,5000000,16300000,12,737,2600000.0,3400000.0,11800000.0,4400000.0, Approved
1833,0, Not Graduate, No,8400000,22300000,14,371,8300000.0,3700000.0,22300000.0,9100000.0, Rejected
1835,1, Graduate, No,4700000,14000000,2,411,4600000.0,5100000.0,10600000.0,3700000.0, Rejected
1836,2, Not Graduate, No,4300000,11800000,20,701,11600000.0,4600000.0,14200000.0,3300000.0, Approved
1837,5, Not Graduate, No,2500000,8800000,10,769,3700000.0,1600000.0,8200000.0,2700000.0, Approved
1839,5, Not Graduate, No,5700000,11600000,4,892,10200000.0,6100000.0,19800000.0,7400000.0, Approved
1840,2, Not Graduate, No,5300000,13100000,14,417,4900000.0,6200000.0,18200000.0,6800000.0, Rejected
1841,5, Graduate, No,4600000,14400000,6,785,6500000.0,6300000.0,14700000.0,6200000.0, Approved
1842,3, Not Graduate, No,400000,1100000,16,504,200000.0,400000.0,800000.0,400000.0, Rejected
1844,2, Graduate, Yes,1200000,3500000,16,540,3100000.0,1800000.0,3500000.0,800000.0, Rejected
1845,2, Graduate, Yes,8000000,28400000,10,607,11400000.0,3800000.0,29000000.0,11600000.0, Approved
1846,1, Graduate, Yes,5000000,19400000,10,410,11600000.0,6200000.0,11700000.0,4500000.0, Rejected
1850,2, Not Graduate, Yes,8500000,30900000,14,511,23300000.0,4400000.0,21900000.0,5500000.0, Rejected
1851,1, Graduate, Yes,7800000,25100000,18,766,6900000.0,7200000.0,16600000.0,10200000.0, Approved
1852,3, Not Graduate, Yes,1400000,3800000,16,451,3100000.0,1300000.0,4300000.0,1300000.0, Rejected
1854,3, Not Graduate, Yes,1000000,2500000,18,763,400000.0,1100000.0,2100000.0,1400000.0, Approved
1856,2, Graduate, No,5600000,19500000,8,429,6100000.0,2200000.0,21100000.0,7200000.0, Rejected
1858,1, Graduate, No,2900000,11100000,20,478,4200000.0,2900000.0,8500000.0,3000000.0, Rejected
1859,2, Graduate, Yes,300000,800000,10,752,600000.0,300000.0,1000000.0,400000.0, Approved
1860,0, Graduate, Yes,2400000,5900000,14,319,2000000.0,4200000.0,9500000.0,3300000.0, Rejected
1861,3, Graduate, No,5000000,17600000,8,303,6300000.0,9600000.0,12800000.0,6900000.0, Rejected
1862,3, Not Graduate, Yes,5000000,16700000,20,420,1100000.0,5000000.0,18700000.0,6900000.0, Rejected
1863,2, Not Graduate, Yes,200000,600000,8,552,400000.0,200000.0,700000.0,200000.0, Approved
1864,3, Not Graduate, Yes,6000000,16000000,12,606,2600000.0,11600000.0,19300000.0,7800000.0, Approved
1865,2, Not Graduate, No,5600000,13700000,2,558,7500000.0,9300000.0,12100000.0,6700000.0, Approved
1866,1, Not Graduate, No,4500000,12400000,6,504,12000000.0,3200000.0,13100000.0,2200000.0, Rejected
1867,5, Not Graduate, Yes,200000,300000,8,412,-100000.0,100000.0,500000.0,100000.0, Rejected
1868,4, Not Graduate, Yes,6200000,18300000,4,900,16900000.0,3400000.0,15300000.0,6400000.0, Approved
1869,4, Not Graduate, Yes,9800000,23800000,8,634,12800000.0,9300000.0,37600000.0,6100000.0, Approved
1874,2, Not Graduate, No,4500000,14500000,18,498,7900000.0,200000.0,13500000.0,4800000.0, Rejected
1875,4, Not Graduate, No,7500000,21900000,2,585,6800000.0,12200000.0,27500000.0,8100000.0, Approved
1876,1, Not Graduate, Yes,2300000,6400000,8,578,3600000.0,1800000.0,7000000.0,3000000.0, Approved
1877,1, Graduate, No,7400000,15500000,2,693,3000000.0,12800000.0,21800000.0,9300000.0, Approved
1878,4, Graduate, No,4800000,14300000,6,795,5900000.0,0.0,11100000.0,2600000.0, Approved
1879,1, Graduate, No,2600000,9900000,6,594,2900000.0,4300000.0,6700000.0,2500000.0, Approved
1880,3, Not Graduate, Yes,2700000,10600000,8,840,500000.0,3000000.0,9000000.0,1900000.0, Approved
1881,3, Not Graduate, No,3700000,10900000,16,301,7800000.0,2300000.0,9600000.0,3400000.0, Rejected
1883,5, Not Graduate, Yes,8800000,23100000,16,531,20800000.0,2600000.0,22100000.0,8000000.0, Rejected
1886,2, Not Graduate, No,7100000,26600000,6,727,16500000.0,9800000.0,21100000.0,7900000.0, Approved
1887,3, Not Graduate, Yes,5500000,19300000,10,344,14400000.0,1300000.0,12400000.0,6600000.0, Rejected
1889,3, Graduate, Yes,4200000,15400000,8,362,9900000.0,5300000.0,15500000.0,5600000.0, Rejected
1892,5, Graduate, No,6700000,17700000,6,482,3200000.0,10400000.0,18500000.0,5700000.0, Rejected
1893,0, Not Graduate, Yes,9300000,22200000,14,701,600000.0,10100000.0,35900000.0,5700000.0, Approved
1894,2, Graduate, No,5600000,17200000,16,586,13700000.0,2100000.0,14300000.0,4300000.0, Approved
1896,4, Not Graduate, No,6000000,18000000,18,882,6700000.0,2500000.0,12200000.0,7500000.0, Approved
1899,3, Graduate, Yes,800000,1500000,2,589,1500000.0,1100000.0,1800000.0,400000.0, Approved
1902,0, Not Graduate, No,4000000,12500000,18,868,11000000.0,800000.0,14400000.0,2300000.0, Approved
1903,2, Not Graduate, No,2900000,7300000,2,776,8300000.0,3000000.0,8500000.0,3400000.0, Approved
1904,5, Graduate, Yes,2300000,9100000,16,644,4000000.0,2600000.0,6600000.0,3100000.0, Approved
1905,0, Graduate, Yes,1800000,6000000,12,658,2900000.0,2300000.0,4500000.0,2400000.0, Approved
1910,4, Not Graduate, No,2400000,7300000,4,540,2500000.0,300000.0,7800000.0,2200000.0, Approved
1912,1, Graduate, No,7500000,16000000,10,541,16300000.0,4500000.0,22400000.0,5100000.0, Rejected
1913,4, Not Graduate, Yes,6700000,18400000,10,371,1900000.0,1400000.0,15700000.0,4400000.0, Rejected
1915,0, Not Graduate, No,500000,1800000,2,651,700000.0,0.0,1700000.0,200000.0, Approved
1917,4, Not Graduate, No,1600000,6200000,18,554,3200000.0,800000.0,5500000.0,1100000.0, Approved
1918,0, Graduate, Yes,9300000,25000000,14,362,14900000.0,16100000.0,32300000.0,11000000.0, Rejected
1920,3, Not Graduate, No,900000,1900000,12,547,2400000.0,400000.0,3000000.0,400000.0, Rejected
1921,4, Not Graduate, No,500000,1300000,6,809,200000.0,300000.0,900000.0,500000.0, Approved
1923,5, Not Graduate, Yes,5300000,13700000,18,708,7600000.0,900000.0,19200000.0,5900000.0, Approved
1924,0, Graduate, No,300000,700000,16,779,200000.0,0.0,1000000.0,400000.0, Approved
1926,0, Graduate, No,7900000,28600000,18,541,400000.0,3900000.0,22300000.0,6700000.0, Rejected
1927,4, Graduate, No,5300000,15800000,2,527,3800000.0,5200000.0,19700000.0,3900000.0, Rejected
1930,5, Graduate, No,6600000,20100000,18,348,6900000.0,2500000.0,22500000.0,7200000.0, Rejected
1931,4, Graduate, Yes,6200000,16200000,20,734,8800000.0,4000000.0,14600000.0,4400000.0, Approved
1932,3, Graduate, No,6300000,17000000,16,388,11700000.0,2100000.0,16100000.0,3200000.0, Rejected
1933,0, Graduate, Yes,3800000,8100000,20,831,6500000.0,1700000.0,7700000.0,2000000.0, Approved
1935,2, Graduate, Yes,5000000,15900000,16,699,8800000.0,5900000.0,18100000.0,7200000.0, Approved
1937,4, Not Graduate, No,1000000,3800000,2,611,1700000.0,1800000.0,2500000.0,600000.0, Approved
1938,2, Graduate, No,1700000,3700000,20,558,4100000.0,1400000.0,5000000.0,2500000.0, Approved
1939,4, Graduate, Yes,1200000,4800000,2,752,2800000.0,900000.0,3000000.0,600000.0, Approved
1940,5, Not Graduate, Yes,8500000,25800000,14,786,13900000.0,11000000.0,32400000.0,11300000.0, Approved
1941,0, Graduate, No,8600000,29000000,18,481,21200000.0,2600000.0,27700000.0,5400000.0, Rejected
1943,4, Graduate, No,8700000,19800000,14,715,13500000.0,13400000.0,32000000.0,8500000.0, Approved
1944,0, Not Graduate, No,1800000,5700000,20,392,3800000.0,2400000.0,3500000.0,1400000.0, Rejected
1946,0, Not Graduate, No,7300000,21600000,2,479,17900000.0,12300000.0,15900000.0,7500000.0, Rejected
1948,2, Graduate, Yes,4800000,12900000,8,740,9300000.0,900000.0,11000000.0,3700000.0, Approved
1951,0, Graduate, Yes,200000,700000,10,587,-100000.0,100000.0,500000.0,100000.0, Rejected
1952,0, Not Graduate, Yes,2500000,6700000,16,569,4500000.0,3400000.0,6200000.0,1300000.0, Approved
1953,3, Not Graduate, Yes,8000000,24400000,14,399,19100000.0,5400000.0,20600000.0,11600000.0, Rejected
1954,1, Not Graduate, No,4600000,15200000,4,593,13800000.0,3800000.0,11700000.0,3900000.0, Approved
1955,3, Not Graduate, Yes,4900000,12700000,8,409,2000000.0,2500000.0,19300000.0,4700000.0, Rejected
1956,4, Not Graduate, No,9500000,21300000,18,353,22900000.0,2300000.0,21400000.0,11100000.0, Rejected
1958,2, Graduate, Yes,5900000,14200000,12,499,9200000.0,11600000.0,20200000.0,4400000.0, Rejected
1959,4, Graduate, No,4200000,14600000,6,324,6300000.0,5900000.0,11700000.0,3000000.0, Rejected
1961,2, Graduate, Yes,4900000,12600000,2,767,1100000.0,7400000.0,13000000.0,3800000.0, Approved
1963,4, Not Graduate, No,7200000,17700000,6,338,9900000.0,9300000.0,27800000.0,7200000.0, Rejected
1964,0, Graduate, No,8400000,24300000,4,785,11900000.0,10100000.0,26600000.0,8500000.0, Approved
1965,3, Graduate, No,3800000,11800000,4,694,0.0,500000.0,8300000.0,5100000.0, Approved
1966,0, Not Graduate, No,9900000,22300000,20,613,28400000.0,8900000.0,23600000.0,4900000.0, Approved
1967,4, Graduate, Yes,2900000,8300000,10,318,8700000.0,4100000.0,10900000.0,2100000.0, Rejected
1968,3, Not Graduate, Yes,6000000,18700000,18,783,2800000.0,8500000.0,20300000.0,8800000.0, Approved
1970,4, Graduate, Yes,5300000,12000000,10,329,15300000.0,9300000.0,17300000.0,6100000.0, Rejected
1971,5, Not Graduate, Yes,7500000,15000000,14,661,12100000.0,5800000.0,29900000.0,4400000.0, Approved
1973,1, Graduate, Yes,8300000,17700000,10,673,23700000.0,5300000.0,28700000.0,4200000.0, Approved
1974,3, Graduate, No,4500000,16900000,18,748,8500000.0,7200000.0,15100000.0,6600000.0, Approved
1976,4, Not Graduate, No,4700000,10300000,12,710,7500000.0,7700000.0,16900000.0,6600000.0, Approved
1977,0, Graduate, Yes,900000,3500000,6,331,2400000.0,1400000.0,3500000.0,1100000.0, Rejected
1978,1, Not Graduate, No,2400000,7600000,12,372,5700000.0,4400000.0,6600000.0,1400000.0, Rejected
1982,4, Not Graduate, No,3900000,10600000,20,544,4100000.0,3100000.0,10900000.0,4900000.0, Rejected
1983,2, Not Graduate, No,400000,1000000,6,425,800000.0,300000.0,800000.0,200000.0, Rejected
1984,2, Not Graduate, Yes,1700000,5100000,18,321,2000000.0,2800000.0,5100000.0,1500000.0, Rejected
1985,2, Graduate, Yes,6100000,15500000,8,758,8900000.0,4000000.0,13300000.0,7200000.0, Approved
1987,3, Not Graduate, Yes,300000,500000,6,876,300000.0,100000.0,1100000.0,300000.0, Approved
1988,2, Not Graduate, No,4300000,14500000,10,594,11400000.0,700000.0,14000000.0,5300000.0, Approved
1989,3, Not Graduate, No,7000000,18400000,18,837,2800000.0,7900000.0,15400000.0,5700000.0, Approved
1990,0, Not Graduate, Yes,4900000,16500000,4,600,11100000.0,2200000.0,12000000.0,6500000.0, Approved
1991,4, Graduate, No,6200000,12400000,20,547,14200000.0,10800000.0,17200000.0,8000000.0, Rejected
1993,0, Not Graduate, Yes,7300000,22600000,12,851,3300000.0,3400000.0,24800000.0,5300000.0, Approved
1995,0, Not Graduate, No,800000,2400000,2,716,700000.0,1200000.0,3100000.0,400000.0, Approved
1998,0, Graduate, No,9300000,20300000,14,759,27000000.0,11600000.0,26500000.0,10900000.0, Approved
2000,3, Not Graduate, Yes,3100000,6300000,18,895,2300000.0,3400000.0,10500000.0,4200000.0, Approved
2001,3, Not Graduate, Yes,7000000,15400000,20,315,19900000.0,7600000.0,16400000.0,5900000.0, Rejected
2002,4, Not Graduate, No,3900000,8800000,14,527,4600000.0,4900000.0,14900000.0,3100000.0, Rejected
2003,3, Graduate, No,5500000,19800000,14,853,7300000.0,3000000.0,15500000.0,3100000.0, Approved
2004,0, Graduate, No,6600000,13700000,20,747,3600000.0,2400000.0,23900000.0,6000000.0, Approved
2007,3, Graduate, No,8600000,23600000,4,324,13800000.0,3800000.0,28500000.0,4300000.0, Rejected
2008,5, Graduate, No,7900000,28600000,12,812,12100000.0,14400000.0,30000000.0,11700000.0, Approved
2009,5, Graduate, Yes,6800000,22600000,2,804,3500000.0,12500000.0,18200000.0,9900000.0, Approved
2011,2, Not Graduate, Yes,3800000,10000000,12,516,2400000.0,4200000.0,14200000.0,5100000.0, Rejected
2013,1, Graduate, Yes,3700000,12400000,12,330,3400000.0,1000000.0,10400000.0,2800000.0, Rejected
2014,1, Graduate, No,7900000,24000000,12,867,20500000.0,10000000.0,30700000.0,9400000.0, Approved
2017,4, Not Graduate, No,5800000,14200000,20,535,10200000.0,4000000.0,21100000.0,3400000.0, Rejected
2021,4, Graduate, Yes,5300000,10700000,12,547,1000000.0,10200000.0,11600000.0,5700000.0, Rejected
2022,1, Not Graduate, No,5700000,19100000,12,649,9400000.0,10200000.0,16400000.0,4500000.0, Approved
2023,2, Not Graduate, No,9000000,31000000,14,670,21300000.0,5400000.0,31100000.0,12900000.0, Approved
2024,3, Graduate, No,5900000,14400000,10,408,2400000.0,5100000.0,23000000.0,3700000.0, Rejected
2027,4, Graduate, Yes,9800000,34100000,14,740,6500000.0,16900000.0,27100000.0,5100000.0, Approved
2028,4, Not Graduate, Yes,3800000,8200000,4,309,10900000.0,3900000.0,10200000.0,3300000.0, Rejected
2029,0, Not Graduate, No,9500000,24400000,14,769,14400000.0,2400000.0,30800000.0,14200000.0, Approved
2034,5, Not Graduate, Yes,3200000,11800000,16,565,8100000.0,2700000.0,9200000.0,1800000.0, Approved
2036,4, Graduate, No,4500000,9900000,10,509,11100000.0,3100000.0,12200000.0,2700000.0, Rejected
2042,4, Not Graduate, Yes,3700000,11900000,18,635,6100000.0,6400000.0,11200000.0,4700000.0, Approved
2045,4, Graduate, No,3800000,8500000,10,416,6200000.0,4800000.0,14900000.0,4100000.0, Rejected
2046,3, Graduate, No,3200000,8200000,8,311,4900000.0,5600000.0,10700000.0,1600000.0, Rejected
2047,1, Graduate, No,9700000,33900000,10,833,24600000.0,16200000.0,28300000.0,6600000.0, Approved
2048,1, Not Graduate, Yes,4300000,9400000,6,543,7400000.0,5200000.0,14800000.0,4200000.0, Rejected
2049,5, Graduate, Yes,8100000,20300000,18,751,1600000.0,7900000.0,31700000.0,7400000.0, Approved
2050,5, Not Graduate, Yes,9400000,23200000,14,885,16900000.0,1200000.0,34900000.0,4700000.0, Approved
2051,4, Not Graduate, Yes,8100000,19400000,6,346,7800000.0,9300000.0,29300000.0,4500000.0, Rejected
2054,1, Not Graduate, Yes,2600000,6600000,20,765,2100000.0,200000.0,5200000.0,1300000.0, Approved
2058,1, Graduate, Yes,6800000,27200000,2,702,4600000.0,2400000.0,27100000.0,6300000.0, Approved
2060,2, Graduate, No,8200000,27200000,10,425,11400000.0,4900000.0,29300000.0,4500000.0, Rejected
2062,1, Not Graduate, No,8300000,29200000,6,877,13700000.0,9900000.0,31500000.0,9500000.0, Approved
2063,0, Graduate, No,9200000,36500000,14,522,10500000.0,5300000.0,22400000.0,13200000.0, Rejected
2067,5, Not Graduate, Yes,7600000,15400000,14,576,2300000.0,2800000.0,24500000.0,4700000.0, Approved
2068,2, Not Graduate, No,7200000,17000000,10,856,18100000.0,12700000.0,15800000.0,6000000.0, Approved
2069,0, Graduate, Yes,2600000,8200000,8,722,3500000.0,4200000.0,7100000.0,3200000.0, Approved
2073,0, Graduate, No,300000,500000,2,885,200000.0,400000.0,700000.0,200000.0, Approved
2077,2, Not Graduate, No,1500000,4200000,16,771,2500000.0,800000.0,5700000.0,1100000.0, Approved
2081,0, Graduate, Yes,1000000,3200000,8,304,500000.0,600000.0,3700000.0,700000.0, Rejected
2082,0, Not Graduate, Yes,8600000,23000000,14,678,18800000.0,16400000.0,22900000.0,12000000.0, Approved
2083,5, Graduate, Yes,2400000,8900000,2,745,1700000.0,2000000.0,9200000.0,2100000.0, Approved
2084,1, Graduate, No,2400000,8900000,8,835,2400000.0,1200000.0,5500000.0,1100000.0, Approved
2085,5, Not Graduate, Yes,6000000,12100000,20,848,13900000.0,4800000.0,18000000.0,3600000.0, Approved
2088,0, Graduate, Yes,5400000,19500000,16,758,2600000.0,2700000.0,18300000.0,6000000.0, Approved
2089,0, Not Graduate, Yes,1400000,3700000,4,841,3000000.0,1000000.0,4600000.0,1000000.0, Approved
2092,0, Graduate, No,4100000,14400000,4,844,2700000.0,6000000.0,9900000.0,4200000.0, Approved
2094,1, Not Graduate, No,4600000,13900000,8,520,13300000.0,6400000.0,9800000.0,2200000.0, Rejected
2095,1, Graduate, Yes,3300000,7500000,12,648,6400000.0,1700000.0,8700000.0,1600000.0, Approved
2099,1, Graduate, Yes,4900000,15200000,10,429,5700000.0,7300000.0,14400000.0,3300000.0, Rejected
2100,3, Graduate, Yes,6100000,18100000,14,538,11800000.0,4200000.0,16200000.0,7500000.0, Rejected
2103,1, Not Graduate, No,7900000,29300000,2,771,17600000.0,12800000.0,20400000.0,4000000.0, Approved
2106,0, Not Graduate, No,5600000,19300000,18,544,6400000.0,2800000.0,19900000.0,6400000.0, Rejected
2108,4, Not Graduate, Yes,6400000,18400000,16,320,17700000.0,3600000.0,13900000.0,8300000.0, Rejected
2111,2, Graduate, Yes,1100000,3700000,2,806,2700000.0,800000.0,2900000.0,500000.0, Approved
2113,5, Graduate, Yes,9200000,28800000,20,618,14300000.0,10800000.0,33900000.0,10600000.0, Approved
2114,2, Not Graduate, Yes,8300000,20600000,12,729,22400000.0,9000000.0,31400000.0,8400000.0, Approved
2115,5, Not Graduate, Yes,5000000,10600000,6,839,12600000.0,8600000.0,19800000.0,3500000.0, Approved
2116,3, Graduate, No,2200000,6400000,2,318,1400000.0,2100000.0,4300000.0,1500000.0, Rejected
2117,2, Graduate, No,4500000,9600000,16,404,1800000.0,6000000.0,17000000.0,2700000.0, Rejected
2120,1, Not Graduate, No,6600000,20700000,4,415,12800000.0,11900000.0,17700000.0,3900000.0, Approved
2122,0, Not Graduate, No,6300000,13300000,2,666,8800000.0,4000000.0,14200000.0,4900000.0, Approved
2123,2, Graduate, No,4700000,17700000,14,675,5800000.0,7200000.0,13100000.0,6500000.0, Approved
2124,0, Graduate, No,4100000,15400000,16,304,3000000.0,5200000.0,16200000.0,3100000.0, Rejected
2127,4, Graduate, No,5600000,20300000,20,596,5100000.0,10900000.0,12700000.0,7900000.0, Approved
2128,4, Graduate, No,3400000,8300000,2,567,5700000.0,1900000.0,10200000.0,2700000.0, Approved
2129,3, Not Graduate, No,4500000,16100000,16,671,10500000.0,3600000.0,12400000.0,5800000.0, Approved
2132,5, Graduate, No,500000,1200000,12,454,1400000.0,500000.0,1000000.0,300000.0, Rejected
2133,0, Graduate, Yes,5900000,15200000,16,399,15200000.0,3200000.0,12200000.0,6500000.0, Rejected
2134,0, Graduate, No,7100000,20700000,10,784,9500000.0,11400000.0,27900000.0,8600000.0, Approved
2136,0, Graduate, Yes,6400000,16900000,16,759,16200000.0,7100000.0,15200000.0,3100000.0, Approved
2137,2, Graduate, No,7100000,21400000,12,699,11400000.0,13400000.0,22600000.0,4800000.0, Approved
2139,3, Not Graduate, Yes,6600000,25200000,20,598,13100000.0,3600000.0,20700000.0,8600000.0, Approved
2140,4, Graduate, Yes,8800000,27100000,2,406,16300000.0,6200000.0,26100000.0,5800000.0, Approved
2141,2, Not Graduate, No,4800000,15800000,20,860,1700000.0,3300000.0,13400000.0,5100000.0, Approved
2145,5, Not Graduate, Yes,6600000,16000000,12,811,13100000.0,5000000.0,14700000.0,5000000.0, Approved
2147,3, Not Graduate, No,7400000,23400000,16,700,19300000.0,3000000.0,20700000.0,8900000.0, Approved
2148,0, Not Graduate, Yes,4500000,12400000,18,719,10300000.0,200000.0,9200000.0,3100000.0, Approved
2149,1, Not Graduate, Yes,9500000,30500000,12,430,5400000.0,8000000.0,30800000.0,10500000.0, Rejected
2151,2, Graduate, No,4000000,13000000,4,695,6400000.0,6900000.0,15400000.0,4300000.0, Approved
2153,3, Graduate, No,3500000,8500000,18,609,7300000.0,0.0,12700000.0,2500000.0, Approved
2154,3, Graduate, Yes,9700000,36000000,6,631,3500000.0,5500000.0,28500000.0,7500000.0, Approved
2155,0, Not Graduate, No,3400000,10800000,6,439,5300000.0,1400000.0,11600000.0,1900000.0, Rejected
2157,4, Graduate, No,3800000,10400000,10,833,7500000.0,2500000.0,14100000.0,4200000.0, Approved
2159,2, Graduate, No,2500000,8700000,4,684,0.0,600000.0,9700000.0,2600000.0, Approved
2160,0, Not Graduate, Yes,7000000,24600000,6,542,6400000.0,2600000.0,24500000.0,4700000.0, Rejected
2161,1, Not Graduate, No,5300000,11500000,8,753,10000000.0,4200000.0,14400000.0,3000000.0, Approved
2162,0, Not Graduate, No,6400000,14200000,2,512,1600000.0,9200000.0,23100000.0,3500000.0, Rejected
2163,3, Not Graduate, No,3400000,8100000,12,385,6100000.0,4000000.0,10700000.0,4000000.0, Rejected
2164,4, Not Graduate, No,6700000,18800000,2,749,15600000.0,7900000.0,19900000.0,8600000.0, Approved
2166,4, Graduate, Yes,900000,2500000,4,583,1300000.0,800000.0,1800000.0,1100000.0, Approved
2167,0, Graduate, No,5100000,19900000,18,655,4400000.0,0.0,17100000.0,7100000.0, Approved
2168,0, Not Graduate, Yes,7000000,20900000,20,380,11800000.0,10800000.0,21100000.0,6200000.0, Rejected
2169,3, Graduate, Yes,4100000,14700000,6,679,6600000.0,3700000.0,10500000.0,5600000.0, Approved
2170,2, Graduate, No,4600000,14800000,6,410,12900000.0,6800000.0,16100000.0,5800000.0, Rejected
2171,2, Graduate, Yes,3600000,11500000,8,590,1600000.0,5200000.0,10900000.0,3000000.0, Approved
2173,2, Graduate, No,600000,2100000,16,425,900000.0,500000.0,2300000.0,300000.0, Rejected
2174,0, Graduate, No,4900000,16400000,2,383,3300000.0,3500000.0,15000000.0,5800000.0, Approved
2175,5, Graduate, Yes,6400000,23900000,6,406,14700000.0,12400000.0,25400000.0,4300000.0, Rejected
2176,2, Graduate, No,7000000,19800000,10,563,3900000.0,9400000.0,22800000.0,8000000.0, Approved
2177,3, Graduate, Yes,6700000,13400000,14,782,4900000.0,4000000.0,25800000.0,9600000.0, Approved
2178,1, Not Graduate, Yes,800000,2200000,4,852,900000.0,200000.0,2200000.0,1000000.0, Approved
2179,5, Not Graduate, No,7600000,27800000,2,753,18400000.0,12200000.0,16900000.0,8000000.0, Approved
2182,3, Not Graduate, No,7200000,20800000,16,560,2100000.0,10700000.0,21100000.0,3600000.0, Approved
2183,3, Graduate, No,5600000,20600000,6,487,6400000.0,9700000.0,20200000.0,4100000.0, Rejected
2188,5, Graduate, No,6600000,21400000,10,447,12700000.0,11100000.0,20200000.0,6400000.0, Rejected
2192,0, Not Graduate, Yes,3600000,9900000,12,641,10300000.0,2400000.0,9100000.0,2700000.0, Approved
2194,0, Graduate, Yes,7800000,23300000,10,587,12500000.0,9300000.0,27500000.0,9700000.0, Approved
2195,3, Not Graduate, No,5700000,15400000,16,424,4700000.0,3000000.0,16400000.0,5600000.0, Rejected
2196,5, Graduate, No,6300000,20500000,14,515,4300000.0,3600000.0,18300000.0,9100000.0, Rejected
2197,5, Not Graduate, Yes,2300000,4700000,18,592,1600000.0,3900000.0,6200000.0,2800000.0, Approved
2198,4, Graduate, Yes,9600000,19900000,6,319,3200000.0,16500000.0,28100000.0,6600000.0, Rejected
2199,1, Not Graduate, Yes,1000000,3900000,16,360,2500000.0,300000.0,2100000.0,600000.0, Rejected
2200,5, Graduate, Yes,7200000,27100000,12,535,8400000.0,12800000.0,28100000.0,4800000.0, Rejected
2202,4, Not Graduate, Yes,9300000,24600000,16,419,18100000.0,0.0,26700000.0,5100000.0, Rejected
2203,2, Not Graduate, Yes,7200000,21900000,12,640,0.0,11400000.0,14600000.0,3800000.0, Approved
2205,4, Graduate, No,4500000,15300000,10,843,13200000.0,6900000.0,10800000.0,2200000.0, Approved
2206,1, Not Graduate, Yes,9900000,30900000,20,559,12100000.0,6100000.0,38600000.0,12100000.0, Approved
2209,1, Graduate, Yes,300000,1000000,14,324,100000.0,100000.0,1100000.0,100000.0, Rejected
2210,5, Not Graduate, Yes,5400000,16700000,2,354,1100000.0,4500000.0,19300000.0,5200000.0, Approved
2211,4, Not Graduate, Yes,2800000,8400000,10,521,1500000.0,1200000.0,9100000.0,3700000.0, Rejected
2212,5, Not Graduate, Yes,4900000,15900000,8,505,12400000.0,4900000.0,14900000.0,6100000.0, Rejected
2213,4, Not Graduate, No,600000,1700000,12,436,400000.0,0.0,1700000.0,700000.0, Rejected
2215,0, Graduate, No,1800000,5800000,18,348,2900000.0,700000.0,6700000.0,1000000.0, Rejected
2218,2, Graduate, Yes,6700000,25500000,10,673,11100000.0,8600000.0,25100000.0,5000000.0, Approved
2219,3, Not Graduate, No,4300000,12600000,18,482,9300000.0,900000.0,13200000.0,6100000.0, Rejected
2220,3, Graduate, Yes,7800000,19600000,4,767,18100000.0,10500000.0,20500000.0,7700000.0, Approved
2222,0, Not Graduate, No,500000,1900000,2,857,1100000.0,500000.0,1800000.0,300000.0, Approved
2224,3, Graduate, No,2500000,9300000,4,810,2700000.0,3300000.0,9400000.0,3700000.0, Approved
2225,4, Not Graduate, No,3000000,7200000,2,680,900000.0,3400000.0,9600000.0,1700000.0, Approved
2226,5, Not Graduate, Yes,7000000,26900000,4,889,1400000.0,4200000.0,22400000.0,7400000.0, Approved
2228,5, Not Graduate, No,5200000,13700000,16,531,8800000.0,4500000.0,15700000.0,2900000.0, Rejected
2230,1, Not Graduate, Yes,2400000,8800000,18,414,3600000.0,2200000.0,7100000.0,2500000.0, Rejected
2232,4, Not Graduate, Yes,9400000,20000000,12,817,3600000.0,1600000.0,34400000.0,8000000.0, Approved
2235,2, Not Graduate, No,4100000,16200000,6,546,3500000.0,3100000.0,15100000.0,3700000.0, Rejected
2237,0, Graduate, No,4300000,16900000,8,884,6500000.0,5400000.0,12000000.0,3700000.0, Approved
2238,5, Not Graduate, No,9300000,22000000,4,822,20900000.0,10000000.0,24200000.0,12100000.0, Approved
2239,4, Not Graduate, No,6000000,18700000,2,623,4300000.0,4000000.0,19100000.0,5700000.0, Approved
2240,1, Not Graduate, Yes,5300000,18900000,16,361,300000.0,5000000.0,11900000.0,5500000.0, Rejected
2241,5, Not Graduate, Yes,7400000,16200000,2,778,17000000.0,2700000.0,19400000.0,9200000.0, Approved
2244,3, Graduate, No,8200000,28300000,2,530,15000000.0,10500000.0,20200000.0,12100000.0, Approved
2245,3, Not Graduate, No,3300000,9300000,12,324,5300000.0,2600000.0,7500000.0,2000000.0, Rejected
2246,4, Graduate, Yes,2500000,9000000,10,394,6700000.0,2000000.0,7300000.0,3000000.0, Rejected
2248,5, Not Graduate, No,1000000,2300000,16,423,1700000.0,700000.0,2900000.0,1400000.0, Rejected
2249,5, Graduate, Yes,6200000,12800000,2,539,5600000.0,9800000.0,22300000.0,4800000.0, Rejected
2253,0, Not Graduate, Yes,1800000,3700000,2,505,3900000.0,2400000.0,4500000.0,1400000.0, Rejected
2254,0, Graduate, Yes,2300000,7900000,10,430,6600000.0,2800000.0,8100000.0,1900000.0, Rejected
2256,1, Not Graduate, No,8900000,24000000,6,380,16500000.0,7400000.0,27700000.0,7500000.0, Rejected
2257,3, Graduate, No,8000000,18600000,20,565,1600000.0,8600000.0,22500000.0,9400000.0, Approved
2258,4, Graduate, Yes,7900000,26900000,14,446,17900000.0,7300000.0,16500000.0,8200000.0, Rejected
2259,5, Graduate, Yes,6700000,20200000,8,406,6900000.0,4900000.0,15300000.0,7100000.0, Rejected
2260,4, Not Graduate, No,2400000,6000000,6,712,6800000.0,2200000.0,6000000.0,1200000.0, Approved
2261,4, Not Graduate, No,8600000,22600000,14,729,300000.0,16200000.0,20500000.0,11900000.0, Approved
2262,1, Not Graduate, Yes,5300000,14600000,20,508,11200000.0,2800000.0,17000000.0,4600000.0, Rejected
2265,5, Graduate, No,8200000,18500000,4,394,9600000.0,5700000.0,27400000.0,11100000.0, Rejected
2266,0, Not Graduate, Yes,3700000,9700000,12,501,2600000.0,6600000.0,9200000.0,4600000.0, Rejected
2267,5, Not Graduate, Yes,9200000,36300000,2,655,3000000.0,1200000.0,32200000.0,8700000.0, Approved
2268,4, Not Graduate, No,6100000,20900000,4,662,10200000.0,7000000.0,23300000.0,4100000.0, Approved
2269,2, Graduate, Yes,8800000,30800000,20,820,700000.0,4800000.0,25900000.0,12700000.0, Approved
2271,3, Graduate, No,7200000,27900000,12,473,21100000.0,8800000.0,27800000.0,8700000.0, Rejected
2273,5, Graduate, No,8000000,23100000,20,461,5900000.0,2400000.0,29300000.0,7200000.0, Rejected
2274,4, Graduate, Yes,6900000,13800000,16,715,2100000.0,6100000.0,20900000.0,8200000.0, Approved
2275,0, Not Graduate, Yes,4300000,15600000,18,440,6200000.0,1300000.0,10000000.0,4700000.0, Rejected
2276,3, Not Graduate, Yes,8500000,24900000,18,749,9600000.0,1200000.0,31700000.0,10100000.0, Approved
2279,3, Not Graduate, Yes,5800000,13600000,12,321,1700000.0,3300000.0,22300000.0,3400000.0, Rejected
2280,3, Graduate, Yes,1000000,2300000,10,303,1000000.0,400000.0,2500000.0,1000000.0, Rejected
2281,0, Not Graduate, Yes,1700000,5400000,8,682,2400000.0,1000000.0,3900000.0,2100000.0, Approved
2283,0, Graduate, Yes,7500000,16600000,14,440,17200000.0,14500000.0,24100000.0,10300000.0, Rejected
2285,3, Not Graduate, No,9100000,19700000,20,437,6300000.0,13700000.0,23700000.0,12900000.0, Rejected
2287,4, Graduate, No,7100000,27200000,16,824,2400000.0,8000000.0,22400000.0,3900000.0, Approved
2288,2, Not Graduate, No,200000,800000,6,338,100000.0,0.0,400000.0,100000.0, Rejected
2291,2, Not Graduate, Yes,5100000,19700000,2,733,0.0,4500000.0,12900000.0,6200000.0, Approved
2292,3, Graduate, Yes,4100000,10600000,14,475,5400000.0,4300000.0,13900000.0,4500000.0, Rejected
2293,1, Not Graduate, No,7200000,15000000,10,677,10600000.0,3900000.0,24500000.0,4100000.0, Approved
2294,3, Not Graduate, No,7800000,17700000,6,403,12600000.0,3700000.0,24700000.0,10000000.0, Rejected
2296,3, Graduate, Yes,6400000,21000000,2,813,3900000.0,10900000.0,20500000.0,4400000.0, Approved
2297,4, Graduate, No,7000000,25700000,20,597,19900000.0,13500000.0,27500000.0,10100000.0, Approved
2305,1, Graduate, No,8300000,24900000,10,642,11500000.0,15400000.0,21600000.0,5800000.0, Approved
2312,5, Graduate, Yes,300000,700000,10,586,0.0,400000.0,1000000.0,100000.0, Approved
2313,2, Graduate, No,2200000,7000000,6,777,6100000.0,400000.0,4400000.0,3300000.0, Approved
2315,4, Graduate, No,7200000,23100000,12,632,4600000.0,8500000.0,19400000.0,4400000.0, Approved
2317,4, Graduate, Yes,8600000,27900000,8,458,22400000.0,1800000.0,34000000.0,11700000.0, Rejected
2318,2, Graduate, Yes,2300000,5400000,8,364,4500000.0,500000.0,7000000.0,2000000.0, Rejected
2319,2, Not Graduate, Yes,9600000,29800000,16,499,28500000.0,6300000.0,31800000.0,7400000.0, Rejected
2322,1, Not Graduate, Yes,3900000,8700000,8,817,900000.0,2500000.0,10700000.0,2100000.0, Approved
2323,5, Not Graduate, Yes,200000,300000,10,704,500000.0,100000.0,800000.0,200000.0, Approved
2327,5, Graduate, Yes,8000000,21500000,12,779,2600000.0,15100000.0,29800000.0,10400000.0, Approved
2328,4, Graduate, Yes,6100000,21700000,6,860,13900000.0,900000.0,14100000.0,5600000.0, Approved
2329,5, Graduate, No,3200000,10600000,2,432,6500000.0,3700000.0,11200000.0,3700000.0, Approved
2330,4, Graduate, Yes,9000000,30400000,20,532,21000000.0,7400000.0,30500000.0,13100000.0, Rejected
2332,3, Graduate, No,7900000,27000000,6,601,17700000.0,7800000.0,27600000.0,11500000.0, Approved
2334,2, Not Graduate, No,4400000,16500000,16,879,7800000.0,7500000.0,10300000.0,5400000.0, Approved
2335,1, Not Graduate, No,3100000,11200000,18,665,2000000.0,5400000.0,12000000.0,2500000.0, Approved
2336,5, Not Graduate, Yes,2600000,9300000,16,697,5100000.0,1200000.0,7700000.0,3700000.0, Approved
2337,4, Graduate, No,5500000,21700000,14,867,5000000.0,8700000.0,15200000.0,3100000.0, Approved
2338,1, Graduate, No,5700000,15500000,8,544,10500000.0,8700000.0,20900000.0,7000000.0, Rejected
2339,5, Graduate, No,6100000,20700000,20,482,9400000.0,2000000.0,16900000.0,5900000.0, Rejected
2340,2, Graduate, No,8200000,22500000,18,857,13400000.0,14300000.0,28400000.0,8400000.0, Approved
2341,1, Graduate, No,6000000,21200000,12,549,17900000.0,8200000.0,16900000.0,6200000.0, Rejected
2342,1, Graduate, Yes,8000000,30600000,10,720,23700000.0,8500000.0,24900000.0,9700000.0, Approved
2343,4, Not Graduate, No,2000000,4800000,8,302,1500000.0,800000.0,4000000.0,2600000.0, Rejected
2344,5, Graduate, Yes,1300000,2900000,12,669,400000.0,1700000.0,3900000.0,1800000.0, Approved
2345,1, Graduate, No,7000000,27100000,6,591,6700000.0,12200000.0,21500000.0,4900000.0, Approved
2346,3, Graduate, No,4100000,15300000,6,440,7500000.0,5100000.0,8200000.0,2000000.0, Rejected
2348,4, Not Graduate, No,8100000,28000000,8,663,8800000.0,11300000.0,26000000.0,5500000.0, Approved
2351,2, Graduate, No,3900000,14700000,16,360,2600000.0,200000.0,8300000.0,2900000.0, Rejected
2352,1, Graduate, No,9100000,26200000,8,727,20800000.0,7100000.0,27800000.0,8900000.0, Approved
2354,4, Graduate, No,2000000,4300000,8,373,2000000.0,2700000.0,7700000.0,2200000.0, Rejected
2355,5, Graduate, No,6300000,14600000,8,469,13300000.0,10100000.0,24500000.0,3800000.0, Rejected
2357,0, Not Graduate, No,9800000,29400000,20,618,1200000.0,14600000.0,33800000.0,8300000.0, Approved
2358,2, Graduate, No,5200000,15400000,8,658,1200000.0,7500000.0,12800000.0,3200000.0, Approved
2360,3, Not Graduate, No,9200000,35500000,2,715,11100000.0,11800000.0,19800000.0,11700000.0, Approved
2361,5, Not Graduate, No,2200000,8100000,4,409,300000.0,0.0,4900000.0,2400000.0, Rejected
2363,3, Graduate, Yes,6100000,21600000,16,428,2900000.0,6100000.0,15100000.0,7200000.0, Rejected
2364,2, Graduate, No,4500000,16600000,20,704,6400000.0,4200000.0,16900000.0,2400000.0, Approved
2366,4, Not Graduate, No,8900000,34900000,14,694,15400000.0,2800000.0,20600000.0,9100000.0, Approved
2367,4, Graduate, Yes,3900000,13300000,20,453,9800000.0,500000.0,12300000.0,4700000.0, Rejected
2369,5, Not Graduate, No,6400000,22300000,12,776,500000.0,9100000.0,24100000.0,5800000.0, Approved
2370,1, Not Graduate, Yes,9500000,28700000,16,526,24600000.0,4900000.0,31800000.0,6600000.0, Rejected
2371,3, Graduate, Yes,300000,1000000,8,641,700000.0,200000.0,1100000.0,200000.0, Approved
2372,5, Not Graduate, No,4100000,12300000,6,582,10900000.0,6100000.0,14100000.0,3500000.0, Approved
2374,4, Graduate, No,9900000,28400000,10,763,23700000.0,12700000.0,35800000.0,5800000.0, Approved
2375,0, Not Graduate, No,4800000,19000000,12,650,7000000.0,1000000.0,15600000.0,4800000.0, Approved
2381,0, Graduate, Yes,200000,300000,18,520,100000.0,300000.0,600000.0,100000.0, Rejected
2382,2, Graduate, No,1400000,4700000,4,355,2100000.0,600000.0,4400000.0,1400000.0, Approved
2385,3, Graduate, Yes,9100000,30100000,14,564,26600000.0,7300000.0,22700000.0,8200000.0, Approved
2387,0, Not Graduate, Yes,5000000,17000000,6,624,6700000.0,6200000.0,15400000.0,5900000.0, Approved
2389,5, Not Graduate, Yes,8400000,18600000,20,703,2500000.0,7100000.0,28800000.0,9500000.0, Approved
2390,4, Graduate, No,7800000,17300000,4,394,3600000.0,13100000.0,24300000.0,7200000.0, Rejected
2392,1, Graduate, No,3200000,8800000,4,405,1000000.0,2600000.0,10700000.0,3400000.0, Rejected
2393,5, Graduate, Yes,2300000,6700000,16,612,6700000.0,3300000.0,8800000.0,2000000.0, Approved
2394,5, Not Graduate, Yes,9200000,28100000,10,448,22300000.0,3300000.0,33200000.0,10700000.0, Rejected
2395,2, Not Graduate, Yes,4700000,13700000,6,506,1300000.0,7900000.0,16700000.0,3500000.0, Rejected
2396,0, Not Graduate, Yes,8000000,30400000,2,776,16600000.0,1400000.0,29100000.0,7800000.0, Approved
2398,3, Not Graduate, No,200000,800000,20,730,0.0,300000.0,400000.0,300000.0, Approved
2400,4, Not Graduate, No,3300000,11800000,2,847,7800000.0,2400000.0,12100000.0,3000000.0, Approved
2405,2, Graduate, Yes,4300000,15200000,12,552,3400000.0,2100000.0,12700000.0,4800000.0, Approved
2406,3, Not Graduate, No,2600000,8100000,2,421,4200000.0,3100000.0,6200000.0,2500000.0, Approved
2410,0, Graduate, No,7700000,24800000,10,642,16800000.0,10700000.0,27400000.0,4500000.0, Approved
2411,1, Graduate, No,4700000,16800000,12,647,10400000.0,8300000.0,10600000.0,3400000.0, Approved
2412,5, Not Graduate, No,3000000,8900000,20,886,2600000.0,1000000.0,10600000.0,2800000.0, Approved
2413,4, Not Graduate, No,9700000,26200000,4,518,26200000.0,0.0,22500000.0,14000000.0, Rejected
2415,2, Not Graduate, Yes,3800000,12400000,8,340,1800000.0,2600000.0,9700000.0,2600000.0, Rejected
2417,2, Not Graduate, Yes,1200000,2900000,12,330,400000.0,1600000.0,3800000.0,600000.0, Rejected
2421,1, Not Graduate, No,7800000,21300000,10,326,22800000.0,10700000.0,18500000.0,4500000.0, Rejected
2422,4, Graduate, Yes,4700000,9500000,18,876,11800000.0,6600000.0,18000000.0,4100000.0, Approved
2425,3, Not Graduate, Yes,6100000,22800000,18,640,16800000.0,7300000.0,19600000.0,6000000.0, Approved
2426,0, Not Graduate, No,6000000,22900000,16,302,12200000.0,6500000.0,17700000.0,7100000.0, Rejected
2430,3, Graduate, No,9600000,37800000,10,418,6700000.0,5500000.0,34900000.0,11300000.0, Rejected
2431,3, Graduate, No,5600000,13400000,6,865,14900000.0,9700000.0,12300000.0,6000000.0, Approved
2432,4, Graduate, No,7800000,28600000,2,703,500000.0,12400000.0,29500000.0,10500000.0, Approved
2433,2, Graduate, Yes,4500000,12600000,2,568,6900000.0,3900000.0,17800000.0,2900000.0, Approved
2434,3, Graduate, No,2400000,5900000,2,425,1100000.0,500000.0,7400000.0,2500000.0, Rejected
2439,4, Not Graduate, No,6400000,24900000,2,640,10000000.0,5700000.0,18700000.0,6300000.0, Approved
2440,2, Graduate, No,4600000,15000000,4,817,7200000.0,2400000.0,13000000.0,6600000.0, Approved
2441,4, Graduate, No,7600000,29800000,20,361,13800000.0,5800000.0,15300000.0,5900000.0, Rejected
2442,5, Not Graduate, No,6800000,20100000,14,839,1900000.0,600000.0,15600000.0,7500000.0, Approved
2443,5, Graduate, No,7100000,27000000,20,592,5100000.0,9600000.0,20200000.0,7600000.0, Approved
2445,5, Not Graduate, Yes,5800000,12400000,6,847,5100000.0,9000000.0,14100000.0,7600000.0, Approved
2446,0, Graduate, Yes,8600000,29400000,16,643,1000000.0,14100000.0,33000000.0,12300000.0, Approved
2447,0, Graduate, Yes,3500000,10600000,4,389,8300000.0,4800000.0,9100000.0,2500000.0, Approved
2451,5, Not Graduate, Yes,4100000,12400000,8,309,8200000.0,1000000.0,13000000.0,3300000.0, Rejected
2452,5, Not Graduate, No,3200000,7400000,2,838,2200000.0,2900000.0,10200000.0,3600000.0, Approved
2456,1, Graduate, Yes,8400000,19700000,6,476,24700000.0,16500000.0,31800000.0,12100000.0, Rejected
2457,0, Not Graduate, Yes,7900000,26300000,8,666,4600000.0,9200000.0,18400000.0,11800000.0, Approved
2458,1, Graduate, Yes,2100000,4300000,20,896,100000.0,2300000.0,7500000.0,2300000.0, Approved
2459,2, Graduate, No,2500000,7000000,20,547,800000.0,1200000.0,5200000.0,2300000.0, Rejected
2461,5, Graduate, No,1100000,4000000,16,498,400000.0,100000.0,2300000.0,700000.0, Rejected
2462,5, Graduate, No,6500000,24800000,8,779,7000000.0,9600000.0,15700000.0,8800000.0, Approved
2463,0, Not Graduate, Yes,8200000,31500000,8,403,11500000.0,8800000.0,19000000.0,6100000.0, Rejected
2464,2, Not Graduate, No,5000000,12400000,8,709,11300000.0,6800000.0,13300000.0,4200000.0, Approved
2470,3, Not Graduate, No,2000000,4700000,14,673,800000.0,3400000.0,5900000.0,1500000.0, Approved
2472,1, Not Graduate, No,6000000,13600000,12,589,9000000.0,300000.0,12600000.0,7100000.0, Approved
2475,1, Graduate, Yes,7500000,25000000,18,628,3500000.0,2200000.0,21700000.0,4700000.0, Approved
2479,5, Graduate, No,7400000,27100000,4,320,19800000.0,14600000.0,25200000.0,9400000.0, Approved
2480,2, Graduate, No,2700000,9300000,16,656,7700000.0,2500000.0,6400000.0,3600000.0, Approved
2483,2, Not Graduate, No,3100000,10500000,10,751,5500000.0,5900000.0,9000000.0,1600000.0, Approved
2484,5, Not Graduate, No,4700000,17400000,2,523,10600000.0,7000000.0,10900000.0,5200000.0, Approved
2485,5, Graduate, No,3100000,10500000,6,584,7700000.0,2100000.0,10900000.0,2900000.0, Approved
2486,2, Not Graduate, No,5700000,20400000,2,630,3000000.0,3100000.0,22600000.0,2900000.0, Approved
2488,0, Not Graduate, Yes,6600000,18500000,16,802,14600000.0,1100000.0,21800000.0,9700000.0, Approved
2489,2, Graduate, Yes,2700000,6400000,18,547,5000000.0,1700000.0,9200000.0,1700000.0, Rejected
2491,1, Graduate, No,6600000,18500000,8,712,2300000.0,3200000.0,24400000.0,7600000.0, Approved
2493,5, Not Graduate, No,200000,600000,16,396,0.0,0.0,500000.0,200000.0, Rejected
2494,3, Graduate, No,2000000,4200000,6,831,1300000.0,1700000.0,6900000.0,1200000.0, Approved
2499,1, Not Graduate, No,2600000,8100000,12,854,4500000.0,5100000.0,6300000.0,2500000.0, Approved
2500,3, Not Graduate, Yes,2700000,6700000,14,899,2400000.0,4200000.0,6000000.0,2000000.0, Approved
2501,0, Not Graduate, Yes,3600000,13400000,6,589,3600000.0,0.0,11200000.0,4000000.0, Approved
2502,4, Graduate, Yes,7200000,26000000,6,571,4700000.0,0.0,22600000.0,4200000.0, Approved
2503,2, Not Graduate, Yes,2500000,6400000,6,708,6900000.0,200000.0,9900000.0,3500000.0, Approved
2504,2, Not Graduate, No,5500000,19600000,16,328,2400000.0,4800000.0,10900000.0,3700000.0, Rejected
2505,3, Graduate, Yes,9200000,33500000,8,564,20800000.0,15200000.0,29800000.0,11400000.0, Approved
2507,4, Not Graduate, Yes,5900000,15000000,14,626,16400000.0,4600000.0,17600000.0,8200000.0, Approved
2508,4, Graduate, No,5600000,15600000,12,470,9900000.0,10700000.0,14600000.0,7000000.0, Rejected
2512,4, Graduate, No,7300000,14900000,2,358,13600000.0,12300000.0,20400000.0,7300000.0, Rejected
2515,3, Graduate, No,500000,1700000,10,509,400000.0,300000.0,1400000.0,300000.0, Rejected
2516,2, Not Graduate, Yes,5700000,20500000,20,581,15200000.0,7800000.0,11400000.0,8500000.0, Approved
2517,4, Graduate, No,300000,1100000,4,359,100000.0,0.0,1000000.0,200000.0, Approved
2518,5, Graduate, Yes,2100000,7100000,10,517,1200000.0,2900000.0,5400000.0,1400000.0, Rejected
2521,5, Graduate, No,9300000,34000000,6,742,4200000.0,600000.0,32800000.0,8200000.0, Approved
2522,1, Graduate, Yes,3500000,8100000,10,626,7100000.0,5500000.0,7200000.0,2900000.0, Approved
2523,0, Not Graduate, Yes,8200000,28800000,4,619,9000000.0,1100000.0,23000000.0,6300000.0, Approved
2527,3, Graduate, Yes,4700000,13200000,12,440,4000000.0,3300000.0,16600000.0,4300000.0, Rejected
2529,0, Graduate, No,2500000,7800000,8,437,5800000.0,0.0,5800000.0,3300000.0, Rejected
2533,1, Graduate, No,9800000,37900000,4,816,21800000.0,12200000.0,26100000.0,8500000.0, Approved
2534,5, Graduate, No,9000000,32800000,4,773,10600000.0,4100000.0,18900000.0,11500000.0, Approved
2535,3, Not Graduate, No,800000,3000000,14,576,1200000.0,1300000.0,2600000.0,400000.0, Approved
2536,1, Graduate, No,1600000,4500000,14,673,1900000.0,2700000.0,3700000.0,1300000.0, Approved
2538,5, Not Graduate, Yes,2900000,7500000,12,678,3400000.0,3000000.0,10900000.0,3700000.0, Approved
2539,4, Not Graduate, Yes,3900000,12000000,14,893,6000000.0,4700000.0,12900000.0,5200000.0, Approved
2540,0, Graduate, Yes,3300000,9000000,18,754,6100000.0,3900000.0,6900000.0,4700000.0, Approved
2541,3, Graduate, Yes,700000,2200000,8,617,1600000.0,400000.0,2400000.0,900000.0, Approved
2542,3, Not Graduate, Yes,8400000,29500000,20,661,14600000.0,3400000.0,28900000.0,10900000.0, Approved
2543,1, Graduate, Yes,4000000,12100000,12,356,10500000.0,2500000.0,15600000.0,5000000.0, Rejected
2544,0, Not Graduate, Yes,1900000,6300000,16,811,1100000.0,100000.0,5100000.0,1900000.0, Approved
2545,0, Not Graduate, No,3900000,14600000,2,730,9200000.0,4000000.0,14600000.0,5400000.0, Approved
2546,5, Not Graduate, No,7400000,18000000,2,792,5300000.0,9400000.0,19900000.0,5300000.0, Approved
2548,2, Not Graduate, No,1400000,2900000,12,490,600000.0,1600000.0,5500000.0,1300000.0, Rejected
2549,2, Graduate, Yes,1800000,5500000,6,448,2900000.0,300000.0,5600000.0,1300000.0, Rejected
2551,1, Graduate, No,7400000,19200000,20,415,2200000.0,4800000.0,29200000.0,7000000.0, Rejected
2552,5, Graduate, No,2700000,10600000,16,496,800000.0,2900000.0,9700000.0,2400000.0, Rejected
2553,1, Not Graduate, Yes,3600000,13100000,8,543,2900000.0,100000.0,9900000.0,2700000.0, Rejected
2554,5, Graduate, No,7000000,18400000,12,520,4700000.0,11900000.0,17000000.0,3800000.0, Rejected
2555,4, Not Graduate, Yes,5000000,18000000,14,307,5300000.0,5600000.0,12800000.0,3300000.0, Rejected
2556,2, Graduate, No,1800000,5700000,14,502,1400000.0,1100000.0,4400000.0,1300000.0, Rejected
2558,2, Not Graduate, Yes,6700000,23100000,4,304,14400000.0,7100000.0,24300000.0,10000000.0, Approved
2561,4, Not Graduate, No,6000000,15800000,18,593,6800000.0,4800000.0,13200000.0,6400000.0, Approved
2562,1, Not Graduate, Yes,700000,1400000,10,523,700000.0,1100000.0,1600000.0,900000.0, Rejected
2564,0, Graduate, Yes,7100000,19300000,6,783,3900000.0,4800000.0,21800000.0,5000000.0, Approved
2565,5, Graduate, Yes,1100000,3900000,2,538,400000.0,1300000.0,4300000.0,1600000.0, Approved
2566,3, Not Graduate, Yes,9500000,20100000,2,506,16800000.0,800000.0,32700000.0,11000000.0, Rejected
2567,4, Not Graduate, Yes,2200000,8600000,2,461,1400000.0,3000000.0,4700000.0,2100000.0, Approved
2568,4, Not Graduate, Yes,5500000,20000000,8,666,3800000.0,4700000.0,18000000.0,7900000.0, Approved
2571,4, Not Graduate, Yes,6100000,12500000,14,862,11300000.0,1500000.0,21900000.0,6800000.0, Approved
2572,3, Not Graduate, No,8100000,22300000,10,686,20400000.0,8700000.0,19200000.0,6200000.0, Approved
2573,4, Graduate, Yes,7000000,19600000,8,708,17600000.0,2600000.0,24300000.0,4500000.0, Approved
2574,4, Not Graduate, No,5600000,14800000,20,656,9600000.0,9200000.0,11600000.0,6500000.0, Approved
2575,4, Graduate, No,1800000,7000000,14,743,2600000.0,1000000.0,4500000.0,1500000.0, Approved
2577,5, Graduate, No,600000,1300000,14,408,1000000.0,300000.0,1600000.0,900000.0, Rejected
2580,0, Not Graduate, Yes,3800000,10600000,12,490,3300000.0,6500000.0,14400000.0,3100000.0, Rejected
2581,1, Graduate, Yes,7600000,30000000,16,884,13300000.0,3600000.0,17200000.0,10800000.0, Approved
2582,4, Graduate, No,7800000,25400000,18,425,3000000.0,14000000.0,30500000.0,7200000.0, Rejected
2583,0, Graduate, No,6800000,21700000,20,730,17500000.0,1300000.0,18600000.0,3600000.0, Approved
2586,3, Not Graduate, Yes,1100000,3100000,16,356,1300000.0,100000.0,3000000.0,1600000.0, Rejected
2587,1, Not Graduate, Yes,9800000,36000000,12,629,28000000.0,4100000.0,29800000.0,11200000.0, Approved
2589,0, Not Graduate, No,4700000,11500000,18,559,7500000.0,0.0,18700000.0,2600000.0, Approved
2592,2, Graduate, No,7400000,16000000,20,358,16700000.0,5500000.0,26800000.0,4300000.0, Rejected
2594,2, Graduate, Yes,4800000,15300000,12,503,3300000.0,4000000.0,12000000.0,4300000.0, Rejected
2596,1, Graduate, Yes,8000000,30600000,14,302,12700000.0,13100000.0,23900000.0,6800000.0, Rejected
2597,0, Not Graduate, No,4100000,8800000,18,300,10900000.0,6400000.0,8600000.0,3500000.0, Rejected
2598,4, Not Graduate, No,2600000,7200000,16,612,1300000.0,1000000.0,5800000.0,1400000.0, Approved
2601,5, Graduate, No,300000,900000,6,492,800000.0,300000.0,700000.0,400000.0, Rejected
2602,0, Graduate, Yes,7000000,21700000,20,498,6600000.0,5500000.0,14700000.0,3900000.0, Rejected
2605,1, Not Graduate, No,5900000,13000000,6,779,10800000.0,11600000.0,13100000.0,6600000.0, Approved
2608,4, Not Graduate, No,5400000,12600000,18,786,300000.0,2500000.0,21000000.0,6600000.0, Approved
2609,1, Not Graduate, No,7400000,29100000,8,597,12100000.0,4800000.0,16300000.0,7000000.0, Approved
2610,4, Graduate, No,5800000,12000000,12,811,9400000.0,8800000.0,14200000.0,3100000.0, Approved
2611,1, Graduate, Yes,5800000,13000000,12,862,11300000.0,8400000.0,12000000.0,3900000.0, Approved
2612,3, Not Graduate, Yes,4800000,14200000,12,369,3200000.0,200000.0,14000000.0,3000000.0, Rejected
2613,1, Not Graduate, Yes,7400000,23900000,4,687,20800000.0,10900000.0,26100000.0,5600000.0, Approved
2614,0, Not Graduate, Yes,9600000,19600000,12,500,21500000.0,700000.0,37600000.0,10900000.0, Rejected
2621,2, Not Graduate, Yes,5000000,10700000,2,753,12600000.0,9000000.0,11500000.0,5700000.0, Approved
2622,4, Graduate, Yes,9000000,28900000,6,637,11300000.0,1200000.0,33000000.0,4800000.0, Approved
2623,3, Graduate, No,3700000,9000000,6,483,9300000.0,400000.0,9900000.0,3600000.0, Rejected
2624,4, Not Graduate, Yes,300000,1100000,4,315,700000.0,100000.0,900000.0,100000.0, Approved
2625,4, Graduate, No,1800000,4100000,8,777,2200000.0,2500000.0,3600000.0,1900000.0, Approved
2626,2, Graduate, No,7900000,17700000,4,402,20900000.0,11800000.0,25600000.0,8400000.0, Rejected
2627,4, Graduate, Yes,2100000,7700000,8,493,4300000.0,400000.0,4400000.0,1300000.0, Rejected
2628,0, Graduate, Yes,900000,3100000,4,355,1700000.0,100000.0,3000000.0,500000.0, Approved
2629,3, Graduate, No,9900000,23600000,18,557,18300000.0,8600000.0,23000000.0,9100000.0, Approved
2630,0, Not Graduate, Yes,5600000,20000000,20,606,7100000.0,500000.0,20000000.0,7600000.0, Approved
2631,1, Not Graduate, Yes,6000000,12200000,16,743,8800000.0,2600000.0,20600000.0,2900000.0, Approved
2633,0, Graduate, Yes,9000000,33100000,20,734,2800000.0,5900000.0,25300000.0,10300000.0, Approved
2635,5, Graduate, No,5300000,20500000,16,802,11200000.0,7100000.0,21100000.0,4100000.0, Approved
2639,0, Graduate, Yes,2900000,9900000,8,312,1800000.0,4500000.0,11200000.0,3700000.0, Rejected
2640,3, Not Graduate, No,7600000,19100000,14,762,14800000.0,15000000.0,23500000.0,7300000.0, Approved
2646,0, Not Graduate, Yes,800000,3200000,8,467,900000.0,400000.0,3100000.0,800000.0, Rejected
2648,4, Graduate, Yes,300000,1100000,12,674,600000.0,0.0,800000.0,200000.0, Approved
2649,3, Graduate, No,6100000,13500000,2,717,15700000.0,4200000.0,16100000.0,3400000.0, Approved
2650,5, Not Graduate, Yes,4800000,17000000,10,666,6800000.0,5400000.0,12400000.0,2900000.0, Approved
2652,2, Graduate, No,3800000,9400000,16,383,8300000.0,500000.0,9200000.0,2300000.0, Rejected
2653,2, Graduate, Yes,7000000,18900000,8,584,13000000.0,13600000.0,20600000.0,5000000.0, Approved
2657,3, Not Graduate, No,3300000,13100000,2,554,6000000.0,2500000.0,6700000.0,3800000.0, Approved
2663,3, Graduate, No,4200000,12500000,20,375,1300000.0,5100000.0,10900000.0,2400000.0, Rejected
2669,2, Graduate, Yes,3600000,9200000,18,700,4400000.0,1800000.0,10700000.0,3500000.0, Approved
2672,0, Not Graduate, Yes,3800000,14900000,6,899,7800000.0,600000.0,12400000.0,2800000.0, Approved
2675,1, Not Graduate, Yes,2800000,6600000,18,801,4000000.0,4900000.0,7100000.0,3700000.0, Approved
2677,3, Not Graduate, Yes,6300000,23900000,16,656,12700000.0,9300000.0,15200000.0,5100000.0, Approved
2678,3, Graduate, Yes,3900000,14300000,18,785,10900000.0,7600000.0,13900000.0,4900000.0, Approved
2679,2, Graduate, Yes,4200000,15700000,2,332,7000000.0,700000.0,13300000.0,3000000.0, Approved
2680,0, Graduate, No,3100000,8100000,18,768,400000.0,1600000.0,11600000.0,2400000.0, Approved
2682,4, Not Graduate, No,1500000,3100000,6,885,100000.0,2800000.0,3800000.0,1900000.0, Approved
2683,3, Not Graduate, Yes,900000,2000000,18,772,2300000.0,700000.0,3500000.0,800000.0, Approved
2684,4, Graduate, Yes,7800000,25600000,4,665,1000000.0,2300000.0,27300000.0,8200000.0, Approved
2685,1, Not Graduate, Yes,3500000,10500000,20,454,8300000.0,4000000.0,7600000.0,2100000.0, Rejected
2688,1, Not Graduate, No,9600000,28300000,6,536,18700000.0,9300000.0,27300000.0,6000000.0, Rejected
2690,2, Not Graduate, Yes,6000000,19900000,8,486,12100000.0,8100000.0,20100000.0,6600000.0, Rejected
2691,0, Not Graduate, Yes,8300000,16800000,18,422,8000000.0,10600000.0,23300000.0,11400000.0, Rejected
2692,1, Not Graduate, Yes,5300000,18500000,6,501,6700000.0,8600000.0,16600000.0,4300000.0, Rejected
2693,1, Not Graduate, Yes,9700000,23500000,4,666,15100000.0,9400000.0,23300000.0,8000000.0, Approved
2694,3, Not Graduate, Yes,8200000,16500000,18,371,19000000.0,1200000.0,18500000.0,8200000.0, Rejected
2695,5, Graduate, No,3400000,6900000,14,312,1800000.0,400000.0,10300000.0,3800000.0, Rejected
2696,5, Graduate, No,2800000,11000000,12,753,3900000.0,4600000.0,10700000.0,2400000.0, Approved
2697,0, Not Graduate, Yes,2400000,5200000,16,740,6300000.0,1000000.0,7500000.0,2900000.0, Approved
2699,4, Not Graduate, No,4200000,11100000,8,526,11600000.0,200000.0,16800000.0,4900000.0, Rejected
2700,4, Graduate, Yes,5500000,14800000,10,354,16000000.0,3400000.0,21200000.0,7700000.0, Rejected
2701,5, Not Graduate, Yes,2900000,6300000,6,719,7900000.0,1600000.0,8000000.0,1600000.0, Approved
2705,5, Not Graduate, No,4900000,10800000,18,613,6800000.0,800000.0,14500000.0,5300000.0, Approved
2706,5, Graduate, Yes,6900000,16500000,6,447,4100000.0,400000.0,14100000.0,6600000.0, Rejected
2707,4, Not Graduate, Yes,1100000,3000000,4,730,300000.0,600000.0,3600000.0,1100000.0, Approved
2708,2, Not Graduate, Yes,7800000,29600000,14,568,-100000.0,8600000.0,27000000.0,7200000.0, Approved
2709,2, Graduate, Yes,8200000,23600000,6,495,23000000.0,10600000.0,27200000.0,6100000.0, Rejected
2710,5, Not Graduate, Yes,6700000,23600000,14,854,3000000.0,3300000.0,19400000.0,7500000.0, Approved
2713,0, Not Graduate, No,9500000,24800000,2,564,17400000.0,16000000.0,19600000.0,12000000.0, Approved
2715,0, Not Graduate, Yes,8600000,32600000,8,778,21500000.0,14100000.0,33600000.0,11000000.0, Approved
2716,4, Graduate, Yes,9100000,28400000,12,808,25800000.0,11800000.0,19300000.0,9700000.0, Approved
2717,0, Not Graduate, Yes,7100000,18600000,20,770,19200000.0,13100000.0,23100000.0,5100000.0, Approved
2719,3, Graduate, Yes,1400000,2700000,14,819,1200000.0,1500000.0,4000000.0,1300000.0, Approved
2720,1, Graduate, No,8800000,20200000,6,627,24200000.0,16100000.0,17600000.0,11900000.0, Approved
2722,1, Graduate, No,6100000,19100000,6,341,5700000.0,5900000.0,12400000.0,6300000.0, Rejected
2723,1, Graduate, No,1000000,3600000,4,570,1000000.0,1300000.0,3700000.0,1000000.0, Approved
2725,1, Graduate, Yes,6100000,12900000,2,302,8900000.0,7500000.0,15600000.0,7200000.0, Rejected
2726,2, Not Graduate, Yes,7700000,21000000,12,420,16100000.0,4300000.0,27400000.0,10500000.0, Rejected
2727,4, Graduate, Yes,4700000,12000000,2,416,5800000.0,8200000.0,13000000.0,6800000.0, Rejected
2730,4, Not Graduate, No,8500000,24900000,2,405,1900000.0,400000.0,21700000.0,11400000.0, Rejected
2733,1, Not Graduate, Yes,5000000,16800000,6,711,6300000.0,7600000.0,16000000.0,3200000.0, Approved
2734,1, Graduate, Yes,3200000,11800000,16,848,5500000.0,3200000.0,7500000.0,2300000.0, Approved
2738,1, Graduate, No,2500000,7600000,20,888,7400000.0,4200000.0,6400000.0,1900000.0, Approved
2740,5, Graduate, No,4900000,13000000,10,865,13300000.0,3700000.0,14700000.0,6500000.0, Approved
2745,1, Graduate, No,9100000,34000000,12,672,8600000.0,1600000.0,32700000.0,8800000.0, Approved
2746,3, Not Graduate, Yes,8800000,26700000,12,708,16000000.0,15300000.0,26900000.0,9600000.0, Approved
2747,4, Not Graduate, No,2600000,8800000,10,682,4500000.0,4700000.0,10300000.0,1600000.0, Approved
2748,1, Graduate, Yes,9700000,25500000,18,741,21900000.0,6200000.0,34800000.0,4900000.0, Approved
2750,0, Graduate, Yes,4100000,11100000,16,785,6800000.0,5300000.0,8500000.0,4800000.0, Approved
2752,2, Graduate, No,8800000,26700000,16,696,12900000.0,15300000.0,20300000.0,10900000.0, Approved
2755,3, Graduate, No,6800000,21800000,10,556,16400000.0,9300000.0,19100000.0,5400000.0, Approved
2756,0, Graduate, No,8600000,31800000,2,895,22600000.0,15900000.0,19600000.0,5100000.0, Approved
2758,0, Graduate, No,8000000,29800000,12,736,600000.0,15700000.0,30800000.0,8400000.0, Approved
2760,4, Graduate, Yes,7600000,16200000,20,657,1900000.0,9300000.0,28500000.0,5500000.0, Approved
2761,2, Graduate, No,2900000,11300000,12,839,700000.0,5100000.0,8100000.0,2600000.0, Approved
2762,4, Not Graduate, No,7900000,25700000,18,589,4300000.0,300000.0,25300000.0,9800000.0, Approved
2763,2, Not Graduate, No,1900000,4500000,6,805,2200000.0,3100000.0,4800000.0,2300000.0, Approved
2765,1, Not Graduate, No,2600000,7700000,6,399,3700000.0,4300000.0,8900000.0,3500000.0, Rejected
2766,2, Not Graduate, No,2700000,6700000,8,413,7600000.0,800000.0,9200000.0,2300000.0, Rejected
2768,0, Graduate, Yes,2600000,7500000,2,853,4200000.0,3900000.0,9600000.0,1400000.0, Approved
2769,4, Not Graduate, Yes,7700000,23400000,6,400,3900000.0,3400000.0,20800000.0,10700000.0, Rejected
2771,3, Graduate, Yes,7300000,21600000,20,557,1900000.0,3800000.0,26400000.0,9300000.0, Approved
2772,1, Graduate, No,2900000,7600000,2,358,800000.0,700000.0,10100000.0,2100000.0, Rejected
2774,2, Graduate, Yes,2700000,9600000,14,554,5800000.0,200000.0,10200000.0,1900000.0, Approved
2776,0, Graduate, No,4900000,18500000,8,659,8800000.0,1700000.0,14700000.0,4900000.0, Approved
2778,5, Graduate, Yes,8800000,21300000,14,852,8000000.0,6400000.0,28500000.0,9900000.0, Approved
2779,5, Not Graduate, No,4000000,14100000,18,653,5800000.0,4100000.0,9400000.0,5400000.0, Approved
2781,3, Graduate, Yes,7700000,18900000,2,583,9300000.0,3000000.0,16700000.0,9300000.0, Approved
2782,1, Graduate, Yes,3800000,10000000,16,873,5100000.0,2800000.0,10300000.0,4000000.0, Approved
2783,5, Graduate, No,8000000,27000000,20,595,4500000.0,5200000.0,24800000.0,10400000.0, Approved
2784,5, Graduate, Yes,3400000,11300000,20,871,6500000.0,3900000.0,9700000.0,2400000.0, Approved
2785,5, Graduate, Yes,5500000,18800000,12,603,3300000.0,700000.0,21000000.0,5000000.0, Approved
2786,0, Not Graduate, No,7700000,29300000,14,801,6200000.0,11800000.0,23400000.0,4700000.0, Approved
2787,5, Graduate, No,4000000,9400000,4,723,200000.0,0.0,12100000.0,2000000.0, Approved
2788,5, Not Graduate, Yes,5900000,22600000,18,630,2300000.0,4200000.0,16500000.0,6800000.0, Approved
2789,0, Not Graduate, Yes,2600000,9900000,20,368,3600000.0,1500000.0,5200000.0,2000000.0, Rejected
2790,3, Graduate, No,6600000,22200000,12,759,8900000.0,2200000.0,18700000.0,8500000.0, Approved
2792,4, Not Graduate, Yes,800000,2800000,16,645,900000.0,1400000.0,2300000.0,600000.0, Approved
2797,1, Graduate, No,3900000,8000000,6,448,100000.0,1900000.0,9800000.0,4000000.0, Rejected
2798,2, Not Graduate, Yes,4600000,16000000,4,720,0.0,4000000.0,12300000.0,4200000.0, Approved
2800,4, Graduate, No,7500000,28700000,20,520,4600000.0,3500000.0,15200000.0,5700000.0, Rejected
2802,3, Graduate, Yes,4400000,10000000,8,875,5900000.0,5200000.0,11700000.0,4100000.0, Approved
2803,1, Not Graduate, Yes,5100000,12900000,14,533,6700000.0,6700000.0,14400000.0,3900000.0, Rejected
2804,0, Graduate, No,6000000,23600000,6,776,13800000.0,2700000.0,23400000.0,8800000.0, Approved
2805,2, Graduate, No,3800000,11400000,6,706,1000000.0,4000000.0,12100000.0,2800000.0, Approved
2806,3, Graduate, No,2800000,10900000,2,710,600000.0,2400000.0,5600000.0,3600000.0, Approved
2807,5, Graduate, Yes,6500000,18300000,4,333,8100000.0,400000.0,21700000.0,7000000.0, Rejected
2809,4, Graduate, No,5500000,18600000,12,569,13500000.0,6200000.0,19700000.0,7300000.0, Approved
2810,0, Graduate, Yes,9600000,20100000,16,427,7200000.0,2300000.0,34500000.0,7400000.0, Rejected
2811,0, Graduate, No,7000000,27800000,16,640,11500000.0,3700000.0,16000000.0,8200000.0, Approved
2814,2, Not Graduate, Yes,6600000,22800000,8,490,6100000.0,10000000.0,18000000.0,6400000.0, Rejected
2815,5, Graduate, No,4100000,10200000,12,431,6200000.0,2200000.0,13700000.0,4300000.0, Rejected
2817,4, Graduate, No,5100000,12200000,14,511,2700000.0,6000000.0,18300000.0,3400000.0, Rejected
2818,4, Graduate, No,8200000,25200000,18,691,5800000.0,8900000.0,28500000.0,10500000.0, Approved
2819,1, Not Graduate, Yes,9500000,24400000,14,696,25500000.0,6700000.0,29500000.0,6300000.0, Approved
2820,0, Not Graduate, Yes,7600000,27600000,2,437,10000000.0,11200000.0,27600000.0,6800000.0, Approved
2824,4, Not Graduate, Yes,2700000,6800000,10,455,4700000.0,2600000.0,7400000.0,2700000.0, Rejected
2827,4, Graduate, No,5200000,12900000,16,819,3400000.0,4100000.0,16800000.0,7500000.0, Approved
2828,0, Not Graduate, Yes,5100000,11600000,10,308,8700000.0,1300000.0,10700000.0,7000000.0, Rejected
2831,0, Graduate, No,8500000,21000000,6,665,3600000.0,9600000.0,27500000.0,11300000.0, Approved
2832,4, Not Graduate, No,2000000,6000000,12,837,1300000.0,1900000.0,6300000.0,2300000.0, Approved
2835,2, Not Graduate, No,2000000,4300000,16,497,5100000.0,200000.0,5700000.0,2800000.0, Rejected
2839,4, Not Graduate, No,8900000,30100000,2,747,20600000.0,12900000.0,20700000.0,10300000.0, Approved
2841,5, Graduate, No,9000000,25900000,4,538,11100000.0,11100000.0,31300000.0,8100000.0, Rejected
2842,2, Not Graduate, Yes,8500000,30900000,6,664,5700000.0,9900000.0,19800000.0,7400000.0, Approved
2843,1, Not Graduate, No,3500000,10900000,4,524,8800000.0,6200000.0,13600000.0,2800000.0, Approved
2844,1, Not Graduate, No,500000,1400000,6,464,1100000.0,0.0,1900000.0,500000.0, Rejected
2845,3, Graduate, No,8900000,19100000,6,807,2300000.0,16500000.0,29900000.0,10400000.0, Approved
2846,2, Not Graduate, Yes,7800000,27200000,18,622,6000000.0,6000000.0,26400000.0,4300000.0, Approved
2847,5, Not Graduate, Yes,9800000,27800000,6,827,2400000.0,14900000.0,32800000.0,9500000.0, Approved
2849,4, Graduate, No,7400000,19400000,16,835,16400000.0,14200000.0,23500000.0,6500000.0, Approved
2850,3, Graduate, Yes,1200000,3300000,6,772,700000.0,900000.0,2900000.0,1400000.0, Approved
2853,3, Not Graduate, No,4500000,11700000,18,775,8700000.0,2800000.0,12700000.0,4500000.0, Approved
2859,5, Not Graduate, Yes,4400000,12300000,8,567,2400000.0,500000.0,12900000.0,6300000.0, Approved
2860,3, Graduate, No,2100000,5400000,8,771,5200000.0,3700000.0,6200000.0,1000000.0, Approved
2861,1, Not Graduate, Yes,4400000,10600000,4,360,6600000.0,7700000.0,15100000.0,5000000.0, Rejected
2864,3, Not Graduate, No,700000,1600000,20,705,600000.0,900000.0,2300000.0,700000.0, Approved
2865,4, Not Graduate, No,3600000,12400000,14,427,10400000.0,2400000.0,9100000.0,2600000.0, Rejected
2866,1, Not Graduate, Yes,5600000,21000000,2,552,3200000.0,6300000.0,22100000.0,6100000.0, Approved
2868,5, Graduate, Yes,6400000,15600000,8,553,14200000.0,2900000.0,20400000.0,8000000.0, Approved
2869,0, Not Graduate, No,8900000,19100000,2,725,8300000.0,15000000.0,19000000.0,8800000.0, Approved
2871,2, Graduate, Yes,4000000,8600000,4,847,10200000.0,2700000.0,14300000.0,2400000.0, Approved
2878,0, Not Graduate, No,6000000,20600000,12,339,3400000.0,10700000.0,17200000.0,8200000.0, Rejected
2879,4, Graduate, Yes,3800000,11100000,16,857,11300000.0,7400000.0,11700000.0,4700000.0, Approved
2881,0, Graduate, Yes,5400000,12900000,16,355,11200000.0,3100000.0,18200000.0,7400000.0, Rejected
2882,1, Not Graduate, No,6400000,16400000,6,428,12400000.0,10900000.0,23900000.0,8900000.0, Rejected
2883,5, Not Graduate, Yes,7000000,24000000,14,450,10300000.0,5700000.0,21100000.0,4700000.0, Rejected
2885,4, Not Graduate, Yes,4400000,15000000,12,459,5700000.0,800000.0,11400000.0,2400000.0, Rejected
2887,2, Not Graduate, Yes,3900000,8300000,18,523,800000.0,300000.0,9900000.0,2300000.0, Rejected
2890,0, Not Graduate, Yes,1800000,6500000,12,728,3500000.0,0.0,6100000.0,1900000.0, Approved
2891,3, Not Graduate, Yes,8600000,32000000,4,497,11400000.0,3300000.0,18600000.0,4900000.0, Approved
2892,1, Not Graduate, Yes,3600000,13700000,10,548,9900000.0,2400000.0,8900000.0,4100000.0, Rejected
2895,4, Graduate, Yes,4000000,8400000,8,717,7400000.0,4900000.0,11900000.0,4000000.0, Approved
2896,1, Graduate, No,2500000,5900000,12,668,7400000.0,600000.0,6300000.0,3700000.0, Approved
2897,2, Graduate, No,5400000,17400000,10,335,5900000.0,1400000.0,18100000.0,4300000.0, Rejected
2899,4, Not Graduate, No,6000000,14900000,2,321,6900000.0,7700000.0,18000000.0,6500000.0, Rejected
2900,0, Graduate, Yes,2200000,8300000,10,585,3600000.0,1700000.0,4300000.0,1900000.0, Approved
2902,0, Not Graduate, Yes,4000000,10300000,4,819,11100000.0,1200000.0,15200000.0,2600000.0, Approved
2906,5, Graduate, No,1100000,2800000,14,473,100000.0,500000.0,4200000.0,700000.0, Rejected
2909,0, Not Graduate, No,5700000,21400000,8,340,3200000.0,1900000.0,17200000.0,3800000.0, Rejected
2911,5, Not Graduate, No,500000,1200000,16,499,600000.0,600000.0,1500000.0,200000.0, Rejected
2912,3, Graduate, No,8900000,21300000,10,467,18700000.0,2600000.0,31800000.0,8800000.0, Rejected
2914,4, Not Graduate, Yes,500000,1300000,18,762,1400000.0,0.0,1600000.0,300000.0, Approved
2915,3, Not Graduate, Yes,9900000,36500000,16,562,17300000.0,18500000.0,22300000.0,9800000.0, Approved
2917,3, Not Graduate, Yes,500000,1700000,4,824,500000.0,600000.0,1400000.0,400000.0, Approved
2918,2, Graduate, No,1700000,5700000,10,602,4900000.0,2700000.0,4500000.0,1800000.0, Approved
2926,2, Not Graduate, Yes,6300000,18100000,6,671,7900000.0,8200000.0,13200000.0,5400000.0, Approved
2927,3, Graduate, Yes,4000000,14700000,8,376,3000000.0,6200000.0,8900000.0,4200000.0, Rejected
2928,4, Graduate, No,9400000,32200000,6,898,27600000.0,11800000.0,19500000.0,8600000.0, Approved
2931,3, Not Graduate, No,8700000,24800000,20,360,25300000.0,8700000.0,31100000.0,4300000.0, Rejected
2932,4, Graduate, Yes,4900000,12800000,2,691,200000.0,4900000.0,14700000.0,7000000.0, Approved
2933,1, Not Graduate, Yes,2800000,9100000,14,510,2400000.0,4200000.0,10400000.0,3000000.0, Rejected
2935,3, Graduate, Yes,6900000,19000000,14,348,4200000.0,3700000.0,19400000.0,4900000.0, Rejected
2936,2, Not Graduate, Yes,2300000,8100000,2,504,1800000.0,3100000.0,4600000.0,3100000.0, Approved
2937,2, Not Graduate, No,6800000,21300000,20,658,7800000.0,7000000.0,25900000.0,9600000.0, Approved
2938,1, Not Graduate, Yes,2200000,5400000,16,641,5900000.0,0.0,4800000.0,1200000.0, Approved
2940,1, Graduate, Yes,7000000,20300000,18,726,11600000.0,13100000.0,17100000.0,9000000.0, Approved
2941,1, Graduate, Yes,9600000,34100000,20,828,26100000.0,19000000.0,20800000.0,12400000.0, Approved
2942,0, Graduate, No,6500000,14500000,12,755,9000000.0,11900000.0,20800000.0,3400000.0, Approved
2944,2, Graduate, No,9400000,25100000,20,832,19400000.0,2100000.0,22300000.0,5900000.0, Approved
2946,1, Not Graduate, Yes,8500000,26200000,8,811,22800000.0,6400000.0,32500000.0,12700000.0, Approved
2947,5, Graduate, Yes,3800000,12000000,2,649,6200000.0,5300000.0,10300000.0,4200000.0, Approved
2949,1, Graduate, Yes,5600000,11700000,6,707,4500000.0,800000.0,19000000.0,3900000.0, Approved
2951,4, Not Graduate, Yes,2100000,5500000,18,349,100000.0,0.0,6600000.0,2000000.0, Rejected
2954,5, Not Graduate, No,6900000,19200000,12,408,10000000.0,5000000.0,24900000.0,9000000.0, Rejected
2955,0, Not Graduate, Yes,1800000,3900000,2,764,2200000.0,700000.0,3500000.0,1200000.0, Approved
2957,3, Not Graduate, No,3600000,9800000,12,654,600000.0,1300000.0,7500000.0,2200000.0, Approved
2958,1, Graduate, No,7200000,22800000,2,551,15000000.0,8700000.0,21300000.0,9500000.0, Approved
2962,3, Not Graduate, No,5600000,19900000,16,551,14000000.0,4200000.0,16100000.0,4500000.0, Approved
2965,2, Not Graduate, No,3100000,9000000,20,892,5000000.0,5600000.0,7100000.0,4000000.0, Approved
2967,4, Not Graduate, Yes,3500000,11300000,16,874,1400000.0,3800000.0,10100000.0,3700000.0, Approved
2968,4, Graduate, No,3900000,12600000,8,553,8200000.0,2500000.0,12300000.0,4500000.0, Approved
2971,5, Not Graduate, No,6800000,24800000,8,621,13000000.0,13500000.0,23300000.0,4800000.0, Approved
2972,2, Not Graduate, No,6300000,18600000,14,872,9900000.0,11900000.0,16100000.0,7500000.0, Approved
2973,2, Graduate, No,4900000,18500000,8,492,12900000.0,5000000.0,10200000.0,5800000.0, Rejected
2974,0, Graduate, No,4800000,18600000,6,618,12300000.0,5900000.0,16800000.0,4000000.0, Approved
2978,5, Not Graduate, No,3200000,10000000,14,610,2900000.0,3800000.0,8600000.0,3500000.0, Approved
2979,1, Not Graduate, Yes,3600000,13200000,20,546,8900000.0,3600000.0,13900000.0,2900000.0, Rejected
2980,1, Not Graduate, Yes,3400000,7200000,8,741,4300000.0,6600000.0,11500000.0,3900000.0, Approved
2985,4, Graduate, Yes,6400000,21700000,10,384,16500000.0,8200000.0,15100000.0,5700000.0, Rejected
2986,0, Graduate, No,6400000,25100000,16,628,16100000.0,2900000.0,18100000.0,6400000.0, Approved
2987,3, Graduate, No,3100000,11200000,16,865,3600000.0,4600000.0,6600000.0,4200000.0, Approved
2988,2, Graduate, No,1800000,5300000,2,679,1000000.0,1400000.0,5800000.0,900000.0, Approved
2989,1, Graduate, Yes,9300000,19000000,14,689,24000000.0,11500000.0,35100000.0,9000000.0, Approved
2990,5, Not Graduate, Yes,6500000,13800000,10,636,13000000.0,5500000.0,19400000.0,8100000.0, Approved
2991,1, Not Graduate, No,3100000,6600000,20,837,4000000.0,4200000.0,12300000.0,4300000.0, Approved
2994,0, Not Graduate, Yes,3700000,9300000,14,531,8300000.0,1000000.0,8900000.0,1900000.0, Rejected
2996,4, Graduate, No,2600000,8500000,4,775,600000.0,3800000.0,10400000.0,2600000.0, Approved
2997,1, Not Graduate, Yes,7100000,18000000,20,477,6600000.0,13200000.0,19300000.0,9300000.0, Rejected
3001,1, Not Graduate, Yes,9900000,25700000,2,340,15600000.0,18800000.0,29500000.0,11800000.0, Rejected
3003,4, Graduate, Yes,3500000,10700000,8,883,200000.0,2300000.0,8400000.0,2000000.0, Approved
3004,3, Graduate, Yes,4300000,12800000,16,346,3300000.0,1100000.0,11900000.0,3800000.0, Rejected
3006,5, Graduate, Yes,6400000,21900000,12,699,15700000.0,500000.0,17200000.0,3800000.0, Approved
3007,0, Graduate, No,9300000,27200000,8,629,4500000.0,14300000.0,26900000.0,5000000.0, Approved
3010,4, Not Graduate, No,1100000,3300000,18,417,1400000.0,1000000.0,4200000.0,700000.0, Rejected
3012,0, Not Graduate, No,1300000,3900000,16,690,3600000.0,1700000.0,4700000.0,800000.0, Approved
3013,5, Graduate, No,7500000,22800000,16,347,15100000.0,1200000.0,16100000.0,10700000.0, Rejected
3014,4, Not Graduate, No,2400000,7000000,4,539,2300000.0,0.0,9600000.0,2900000.0, Rejected
3015,4, Graduate, Yes,2500000,8000000,8,464,4000000.0,3000000.0,9000000.0,3000000.0, Rejected
3016,4, Graduate, No,7500000,16200000,4,310,10800000.0,14300000.0,14900000.0,5800000.0, Rejected
3018,5, Not Graduate, No,3300000,10000000,12,489,2000000.0,500000.0,7200000.0,2800000.0, Rejected
3019,4, Not Graduate, Yes,5700000,13900000,12,775,1600000.0,3100000.0,15900000.0,7100000.0, Approved
3024,4, Not Graduate, No,1800000,7200000,20,496,3000000.0,1100000.0,7200000.0,2000000.0, Rejected
3026,4, Not Graduate, Yes,6000000,13200000,6,455,7300000.0,5900000.0,16500000.0,7100000.0, Rejected
3028,4, Not Graduate, Yes,5900000,20700000,10,825,11700000.0,7900000.0,21000000.0,8500000.0, Approved
3029,1, Not Graduate, Yes,2100000,4200000,18,554,3400000.0,800000.0,6400000.0,1500000.0, Approved
3030,0, Not Graduate, Yes,2000000,5200000,18,400,1900000.0,1500000.0,5000000.0,1500000.0, Rejected
3032,1, Not Graduate, Yes,7600000,18800000,14,403,20900000.0,4700000.0,24700000.0,10000000.0, Rejected
3033,3, Graduate, No,500000,1500000,6,392,1400000.0,200000.0,1800000.0,600000.0, Rejected
3035,0, Graduate, Yes,3100000,7100000,10,498,3800000.0,1100000.0,12200000.0,4300000.0, Rejected
3036,1, Not Graduate, No,1100000,2600000,6,858,1800000.0,1900000.0,2700000.0,600000.0, Approved
3037,4, Graduate, Yes,3900000,14300000,20,477,1000000.0,4600000.0,9100000.0,2900000.0, Rejected
3038,4, Not Graduate, Yes,8700000,28200000,12,548,11800000.0,9900000.0,19800000.0,8500000.0, Rejected
3040,2, Graduate, Yes,200000,800000,12,483,100000.0,200000.0,600000.0,300000.0, Rejected
3041,1, Graduate, No,2400000,5800000,20,384,1700000.0,2500000.0,8400000.0,3100000.0, Rejected
3042,3, Not Graduate, No,8900000,35200000,10,894,17100000.0,5600000.0,27700000.0,9800000.0, Approved
3044,5, Not Graduate, Yes,7600000,25700000,4,607,12900000.0,13600000.0,29100000.0,4900000.0, Approved
3045,3, Not Graduate, No,900000,2400000,16,701,700000.0,0.0,2000000.0,400000.0, Approved
3046,2, Not Graduate, Yes,7100000,19700000,20,890,13900000.0,3900000.0,22200000.0,4000000.0, Approved
3047,2, Not Graduate, Yes,5000000,14600000,10,808,4400000.0,3500000.0,17300000.0,3100000.0, Approved
3049,4, Graduate, Yes,2600000,6200000,14,421,2500000.0,2200000.0,8900000.0,3400000.0, Rejected
3050,2, Graduate, Yes,7000000,14900000,20,495,9900000.0,8800000.0,14000000.0,10200000.0, Rejected
3051,3, Graduate, No,3900000,9800000,6,604,10900000.0,7300000.0,7700000.0,3300000.0, Approved
3053,0, Graduate, Yes,200000,600000,8,852,500000.0,0.0,400000.0,200000.0, Approved
3054,2, Not Graduate, Yes,1900000,6700000,16,893,5600000.0,3600000.0,6300000.0,1600000.0, Approved
3057,5, Graduate, No,6300000,18100000,4,590,5400000.0,10900000.0,22400000.0,8600000.0, Approved
3060,0, Graduate, Yes,2000000,6700000,8,461,4900000.0,2200000.0,7200000.0,2600000.0, Rejected
3062,2, Not Graduate, Yes,3300000,9600000,18,896,9900000.0,900000.0,12100000.0,4900000.0, Approved
3064,0, Graduate, Yes,3500000,13900000,16,301,10300000.0,100000.0,8700000.0,2700000.0, Rejected
3065,5, Graduate, No,4400000,15800000,4,701,4100000.0,6300000.0,17100000.0,4100000.0, Approved
3067,3, Not Graduate, No,9200000,19500000,12,742,18300000.0,9900000.0,19500000.0,13700000.0, Approved
3070,5, Graduate, Yes,8700000,18400000,12,394,18800000.0,3200000.0,24600000.0,12000000.0, Rejected
3073,4, Not Graduate, Yes,8000000,23200000,14,738,10900000.0,12100000.0,19900000.0,5400000.0, Approved
3074,5, Not Graduate, No,1000000,2000000,4,524,2700000.0,1800000.0,2200000.0,700000.0, Rejected
3075,5, Not Graduate, No,5300000,14600000,16,855,4200000.0,1600000.0,11200000.0,7400000.0, Approved
3076,3, Graduate, Yes,1400000,5400000,20,304,1700000.0,1300000.0,2900000.0,800000.0, Rejected
3077,2, Graduate, Yes,1600000,3800000,12,532,3200000.0,1400000.0,5400000.0,1100000.0, Rejected
3079,3, Graduate, No,7800000,28700000,4,447,7200000.0,9500000.0,20100000.0,11300000.0, Approved
3082,3, Not Graduate, Yes,8200000,28900000,10,447,4400000.0,14700000.0,29400000.0,6800000.0, Rejected
3086,1, Not Graduate, Yes,8300000,26300000,20,530,22800000.0,11000000.0,33200000.0,8000000.0, Rejected
3087,4, Graduate, No,2500000,9900000,16,356,5500000.0,2600000.0,6100000.0,2300000.0, Rejected
3088,3, Graduate, No,6100000,24000000,18,718,4100000.0,3400000.0,16600000.0,6800000.0, Approved
3089,3, Not Graduate, No,5000000,13000000,10,459,2900000.0,3400000.0,18200000.0,7200000.0, Rejected
3091,2, Graduate, No,5700000,20500000,8,412,5800000.0,4300000.0,21200000.0,4900000.0, Rejected
3092,1, Graduate, Yes,5000000,12500000,20,604,4100000.0,100000.0,12200000.0,7400000.0, Approved
3093,4, Not Graduate, Yes,8600000,20600000,16,449,10800000.0,10600000.0,28700000.0,5400000.0, Rejected
3094,5, Not Graduate, No,1400000,5300000,12,778,1600000.0,700000.0,4400000.0,700000.0, Approved
3096,4, Graduate, Yes,4100000,10400000,12,727,11900000.0,5900000.0,16400000.0,4400000.0, Approved
3097,3, Graduate, No,7400000,18500000,8,818,10400000.0,8800000.0,28000000.0,8400000.0, Approved
3098,1, Graduate, Yes,7100000,19300000,16,738,7200000.0,0.0,24300000.0,3600000.0, Approved
3099,5, Graduate, Yes,5300000,18200000,16,546,14600000.0,7900000.0,13400000.0,4000000.0, Rejected
3100,2, Not Graduate, No,6600000,14100000,2,471,10800000.0,11400000.0,20700000.0,6000000.0, Rejected
3101,3, Not Graduate, No,2800000,10600000,4,860,5200000.0,4700000.0,6700000.0,2900000.0, Approved
3102,1, Not Graduate, Yes,1600000,4400000,4,364,2500000.0,700000.0,4300000.0,2400000.0, Rejected
3104,1, Not Graduate, Yes,5200000,20700000,12,612,2200000.0,2600000.0,16500000.0,3200000.0, Approved
3108,3, Graduate, Yes,9000000,19800000,20,348,8600000.0,9200000.0,25300000.0,6000000.0, Rejected
3109,1, Not Graduate, Yes,7800000,17200000,4,597,3700000.0,12700000.0,17400000.0,8500000.0, Approved
3110,4, Not Graduate, Yes,4000000,11000000,8,791,500000.0,4700000.0,10300000.0,3000000.0, Approved
3111,0, Graduate, Yes,700000,1800000,12,400,1500000.0,1100000.0,2200000.0,300000.0, Rejected
3112,5, Graduate, Yes,7300000,18700000,16,813,6600000.0,8200000.0,20000000.0,5800000.0, Approved
3117,5, Graduate, Yes,3400000,9800000,8,559,3500000.0,2900000.0,8300000.0,2200000.0, Approved
3120,4, Not Graduate, No,9800000,29400000,8,592,29100000.0,16700000.0,35900000.0,9000000.0, Approved
3121,5, Not Graduate, No,8300000,23100000,4,459,5500000.0,14300000.0,28400000.0,5500000.0, Rejected
3122,4, Graduate, Yes,500000,1200000,4,627,0.0,500000.0,1800000.0,700000.0, Approved
3125,5, Not Graduate, No,1800000,6200000,18,366,3500000.0,2400000.0,6300000.0,1300000.0, Rejected
3128,5, Graduate, Yes,8200000,28900000,4,485,16500000.0,3000000.0,19400000.0,6800000.0, Approved
3129,1, Not Graduate, Yes,500000,1700000,18,617,400000.0,100000.0,1400000.0,500000.0, Approved
3130,5, Graduate, Yes,1000000,2600000,8,664,900000.0,1200000.0,3500000.0,900000.0, Approved
3131,3, Not Graduate, No,7100000,27900000,8,583,8900000.0,7600000.0,19600000.0,6300000.0, Approved
3132,1, Graduate, Yes,200000,400000,18,859,300000.0,100000.0,400000.0,200000.0, Approved
3133,2, Graduate, No,3100000,7300000,14,504,3200000.0,0.0,7200000.0,1500000.0, Rejected
3134,4, Graduate, No,700000,2300000,16,688,1500000.0,300000.0,1900000.0,400000.0, Approved
3135,3, Not Graduate, No,1800000,5700000,2,422,4800000.0,0.0,3700000.0,2300000.0, Approved
3137,3, Graduate, No,7400000,17500000,20,317,17700000.0,14000000.0,27000000.0,9500000.0, Rejected
3138,2, Not Graduate, Yes,6700000,20200000,6,701,8800000.0,12200000.0,13900000.0,8200000.0, Approved
3139,1, Graduate, Yes,1700000,6000000,16,754,3900000.0,1500000.0,6400000.0,1800000.0, Approved
3140,3, Not Graduate, Yes,300000,600000,10,515,300000.0,200000.0,1000000.0,200000.0, Rejected
3145,2, Not Graduate, Yes,8100000,24700000,6,595,5500000.0,14300000.0,27300000.0,6500000.0, Approved
3146,1, Not Graduate, Yes,8900000,22900000,4,757,8200000.0,11600000.0,17800000.0,7800000.0, Approved
3147,5, Graduate, Yes,4200000,8500000,4,386,8700000.0,4600000.0,10500000.0,6000000.0, Rejected
3148,5, Not Graduate, Yes,4100000,11100000,18,756,1700000.0,3000000.0,10800000.0,3000000.0, Approved
3149,3, Not Graduate, No,8300000,25700000,12,453,24000000.0,14600000.0,20400000.0,5700000.0, Rejected
3153,0, Not Graduate, No,6900000,23500000,2,621,7800000.0,7300000.0,23100000.0,9400000.0, Approved
3154,0, Graduate, Yes,2500000,9100000,10,852,5000000.0,4700000.0,7400000.0,1500000.0, Approved
3156,3, Not Graduate, Yes,7700000,29300000,10,359,6800000.0,6100000.0,21900000.0,4200000.0, Rejected
3157,1, Not Graduate, No,3200000,6600000,16,534,8800000.0,2600000.0,6500000.0,1800000.0, Rejected
3163,1, Graduate, Yes,9400000,21000000,12,443,14100000.0,2700000.0,23200000.0,5600000.0, Rejected
3164,3, Not Graduate, Yes,9900000,26700000,10,550,22200000.0,15900000.0,36800000.0,6600000.0, Approved
3165,4, Not Graduate, No,2400000,8000000,18,393,-100000.0,200000.0,7600000.0,3000000.0, Rejected
3166,2, Graduate, Yes,7500000,15100000,8,488,19800000.0,0.0,28500000.0,6700000.0, Rejected
3167,5, Graduate, No,3300000,11800000,16,845,6000000.0,1500000.0,9200000.0,2600000.0, Approved
3171,1, Not Graduate, No,9600000,26000000,16,368,18500000.0,16600000.0,29900000.0,8400000.0, Rejected
3176,4, Graduate, No,8500000,17800000,4,698,6700000.0,4300000.0,28600000.0,8000000.0, Approved
3177,4, Not Graduate, Yes,3100000,8200000,18,408,2900000.0,3800000.0,10800000.0,3100000.0, Rejected
3178,3, Graduate, Yes,4900000,13100000,18,401,5700000.0,4100000.0,16400000.0,3600000.0, Rejected
3179,5, Not Graduate, Yes,5800000,14000000,14,418,3900000.0,10400000.0,15100000.0,6800000.0, Rejected
3180,0, Not Graduate, No,5700000,21300000,4,697,3000000.0,6800000.0,20000000.0,5500000.0, Approved
3183,4, Not Graduate, No,5000000,11400000,6,336,1600000.0,4000000.0,15500000.0,2500000.0, Rejected
3184,2, Not Graduate, Yes,2900000,8300000,10,693,7500000.0,1900000.0,9700000.0,4300000.0, Approved
3186,5, Graduate, No,6300000,22500000,18,629,300000.0,3900000.0,23100000.0,8000000.0, Approved
3187,0, Not Graduate, No,5900000,23300000,16,581,2200000.0,8100000.0,14900000.0,5800000.0, Approved
3188,1, Graduate, No,8100000,29600000,4,672,8200000.0,5100000.0,21100000.0,5400000.0, Approved
3190,1, Not Graduate, No,1400000,4400000,14,787,1600000.0,1200000.0,4200000.0,800000.0, Approved
3191,3, Graduate, Yes,2300000,8000000,8,300,4200000.0,3800000.0,7300000.0,1200000.0, Rejected
3192,1, Graduate, No,7400000,16100000,4,655,22000000.0,12900000.0,25300000.0,4300000.0, Approved
3193,0, Graduate, Yes,5300000,13300000,12,572,4200000.0,2500000.0,18000000.0,7100000.0, Approved
3195,0, Not Graduate, No,5000000,10700000,16,726,1600000.0,1100000.0,15700000.0,4800000.0, Approved
3196,5, Not Graduate, Yes,6000000,12300000,12,680,11400000.0,5300000.0,13800000.0,7300000.0, Approved
3197,0, Graduate, No,1400000,2700000,2,685,3400000.0,800000.0,5400000.0,1300000.0, Approved
3199,3, Not Graduate, No,5200000,17200000,18,768,9200000.0,5500000.0,11700000.0,3800000.0, Approved
3200,0, Graduate, No,3100000,11100000,8,504,3500000.0,4600000.0,11400000.0,1800000.0, Rejected
3201,3, Not Graduate, Yes,8400000,20500000,12,796,22900000.0,10500000.0,17600000.0,11200000.0, Approved
3203,5, Not Graduate, Yes,4800000,13100000,6,717,8300000.0,8900000.0,18300000.0,2800000.0, Approved
3204,5, Not Graduate, Yes,9200000,34200000,4,565,500000.0,13900000.0,23600000.0,12300000.0, Approved
3205,2, Not Graduate, No,5300000,10900000,6,647,14600000.0,3500000.0,18700000.0,3200000.0, Approved
3206,3, Graduate, No,4700000,10900000,2,626,9200000.0,2300000.0,14600000.0,5200000.0, Approved
3207,0, Not Graduate, No,6500000,24700000,6,554,2700000.0,1100000.0,22700000.0,9600000.0, Approved
3208,4, Graduate, Yes,3200000,11500000,20,864,8700000.0,5000000.0,12100000.0,4100000.0, Approved
3209,4, Graduate, No,4600000,12500000,6,406,10800000.0,200000.0,14000000.0,6800000.0, Rejected
3210,5, Graduate, No,700000,1800000,10,650,1300000.0,100000.0,1500000.0,300000.0, Approved
3211,5, Not Graduate, Yes,7600000,16500000,8,534,8900000.0,10300000.0,24900000.0,8300000.0, Rejected
3213,2, Graduate, No,5100000,16500000,12,845,12100000.0,9000000.0,11400000.0,5700000.0, Approved
3214,1, Not Graduate, Yes,4300000,16300000,14,792,400000.0,400000.0,10200000.0,4000000.0, Rejected
3215,4, Graduate, No,300000,1200000,18,544,700000.0,100000.0,800000.0,100000.0, Rejected
3216,2, Graduate, Yes,4000000,13000000,10,552,3700000.0,1600000.0,15600000.0,3400000.0, Approved
3217,5, Not Graduate, No,3900000,14900000,12,837,1100000.0,500000.0,14400000.0,3600000.0, Approved
3218,0, Not Graduate, Yes,6900000,21300000,18,845,17400000.0,5600000.0,21400000.0,6600000.0, Approved
3219,4, Not Graduate, Yes,7000000,24100000,10,677,18800000.0,6000000.0,21600000.0,6300000.0, Approved
3221,3, Graduate, Yes,8900000,22500000,12,887,23300000.0,10800000.0,33500000.0,9500000.0, Approved
3224,4, Graduate, No,7400000,17500000,4,540,8800000.0,7600000.0,17900000.0,3600000.0, Rejected
3226,3, Graduate, No,6200000,14900000,14,567,1200000.0,9100000.0,20800000.0,8800000.0, Approved
3228,0, Not Graduate, No,2500000,7100000,10,590,4000000.0,800000.0,6100000.0,2600000.0, Approved
3229,2, Graduate, Yes,2700000,8500000,20,368,4900000.0,4500000.0,5900000.0,2100000.0, Rejected
3230,5, Not Graduate, No,3000000,7600000,6,413,2300000.0,3500000.0,11400000.0,1700000.0, Rejected
3232,3, Graduate, No,1500000,5400000,18,687,200000.0,400000.0,4500000.0,1700000.0, Approved
3235,1, Not Graduate, No,9900000,23400000,16,687,28200000.0,3700000.0,29600000.0,8200000.0, Approved
3236,4, Graduate, No,5500000,11600000,12,474,1800000.0,2400000.0,20100000.0,5600000.0, Rejected
3237,4, Graduate, No,1200000,4400000,6,709,2800000.0,2300000.0,4100000.0,1700000.0, Approved
3238,4, Graduate, Yes,6900000,20200000,18,438,9600000.0,6200000.0,26800000.0,5700000.0, Rejected
3239,3, Graduate, Yes,8000000,25300000,4,306,22300000.0,7300000.0,24400000.0,6600000.0, Approved
3240,3, Not Graduate, Yes,4100000,13900000,20,383,1900000.0,2300000.0,15800000.0,3800000.0, Rejected
3241,2, Graduate, No,1400000,4700000,20,563,400000.0,2300000.0,2800000.0,1400000.0, Approved
3242,4, Not Graduate, Yes,1600000,3200000,20,371,1600000.0,2300000.0,4600000.0,1000000.0, Rejected
3243,1, Graduate, No,2100000,4200000,12,379,2700000.0,2100000.0,8100000.0,2500000.0, Rejected
3245,3, Not Graduate, Yes,7100000,25400000,10,725,20600000.0,5300000.0,16000000.0,8600000.0, Approved
3251,2, Not Graduate, No,7500000,22400000,14,695,8100000.0,3900000.0,15300000.0,9400000.0, Approved
3254,4, Graduate, Yes,300000,900000,4,797,300000.0,400000.0,600000.0,400000.0, Approved
3259,0, Not Graduate, Yes,2000000,6900000,4,404,4900000.0,1600000.0,4200000.0,3000000.0, Approved
3260,4, Not Graduate, No,6400000,14800000,6,537,2300000.0,3700000.0,18600000.0,6500000.0, Rejected
3264,3, Not Graduate, No,9000000,26700000,14,638,5300000.0,0.0,31300000.0,5200000.0, Approved
3267,4, Not Graduate, Yes,2400000,9400000,2,871,3700000.0,300000.0,7100000.0,3500000.0, Approved
3268,4, Graduate, Yes,6000000,17000000,12,607,15300000.0,3200000.0,22100000.0,3900000.0, Approved
3270,3, Graduate, Yes,9500000,25700000,18,446,16900000.0,13600000.0,29300000.0,10100000.0, Rejected
3272,3, Not Graduate, Yes,5800000,14100000,12,738,11700000.0,4400000.0,15400000.0,8400000.0, Approved
3273,3, Graduate, No,2800000,9400000,10,519,7000000.0,3500000.0,7700000.0,1500000.0, Rejected
3275,1, Not Graduate, No,1000000,3400000,18,578,2300000.0,400000.0,3100000.0,1200000.0, Approved
3276,0, Graduate, No,9100000,21100000,20,578,5900000.0,6200000.0,33700000.0,5600000.0, Approved
3277,0, Graduate, No,4600000,18100000,14,442,2800000.0,200000.0,15600000.0,3300000.0, Rejected
3280,5, Not Graduate, No,9800000,26600000,12,664,5200000.0,2900000.0,22500000.0,14100000.0, Approved
3281,1, Graduate, No,7400000,26600000,18,505,2200000.0,2400000.0,22400000.0,3900000.0, Rejected
3282,3, Graduate, Yes,4300000,16600000,10,571,5700000.0,3700000.0,12800000.0,5800000.0, Approved
3283,2, Not Graduate, Yes,9800000,34600000,16,754,12400000.0,14900000.0,34700000.0,6100000.0, Approved
3284,5, Not Graduate, No,1100000,3900000,20,858,3200000.0,1200000.0,3800000.0,1100000.0, Approved
3285,3, Graduate, Yes,8600000,21800000,20,641,5300000.0,8800000.0,24000000.0,9100000.0, Approved
3287,3, Graduate, Yes,5300000,20300000,14,432,15000000.0,0.0,17200000.0,5900000.0, Rejected
3289,3, Graduate, Yes,4800000,14200000,12,547,10400000.0,700000.0,9800000.0,2400000.0, Rejected
3291,1, Graduate, Yes,5400000,19300000,12,784,5000000.0,1800000.0,20300000.0,6500000.0, Approved
3292,5, Not Graduate, Yes,8400000,31900000,10,605,18900000.0,10300000.0,22000000.0,9100000.0, Approved
3293,1, Graduate, Yes,5400000,19500000,18,688,12100000.0,800000.0,17000000.0,3500000.0, Approved
3294,3, Not Graduate, Yes,9400000,32100000,10,617,22700000.0,5800000.0,29400000.0,11400000.0, Approved
3295,0, Not Graduate, Yes,800000,2400000,4,518,500000.0,800000.0,2800000.0,500000.0, Approved
3296,0, Not Graduate, No,3800000,14800000,10,390,5900000.0,5700000.0,9500000.0,4600000.0, Rejected
3297,4, Graduate, No,3100000,6300000,4,370,8600000.0,4100000.0,8800000.0,2800000.0, Rejected
3300,5, Not Graduate, No,5200000,11700000,6,658,8100000.0,5100000.0,11400000.0,5600000.0, Approved
3306,0, Not Graduate, Yes,6100000,15900000,18,456,12900000.0,10800000.0,19100000.0,8800000.0, Rejected
3308,1, Graduate, No,800000,2300000,10,770,900000.0,900000.0,2900000.0,1100000.0, Approved
3309,0, Not Graduate, No,3300000,9000000,16,797,3000000.0,6400000.0,10300000.0,3300000.0, Approved
3310,1, Not Graduate, No,5800000,18700000,20,586,14100000.0,3000000.0,15600000.0,6000000.0, Approved
3312,0, Not Graduate, Yes,4100000,12800000,8,799,3700000.0,700000.0,9400000.0,2700000.0, Approved
3316,4, Graduate, Yes,600000,2300000,6,495,1700000.0,600000.0,2000000.0,300000.0, Rejected
3318,5, Not Graduate, No,900000,2200000,2,415,600000.0,1700000.0,2900000.0,700000.0, Rejected
3320,1, Not Graduate, No,4800000,14300000,4,489,12400000.0,7900000.0,17700000.0,3600000.0, Rejected
3322,3, Not Graduate, No,2600000,8100000,12,425,7300000.0,1900000.0,6800000.0,2200000.0, Rejected
3323,4, Graduate, Yes,1800000,4600000,14,453,1700000.0,2400000.0,4700000.0,1600000.0, Rejected
3325,2, Not Graduate, No,200000,300000,20,519,0.0,0.0,400000.0,300000.0, Rejected
3326,4, Not Graduate, Yes,800000,2100000,6,353,700000.0,300000.0,2900000.0,1200000.0, Rejected
3328,0, Not Graduate, Yes,7700000,16900000,14,473,22100000.0,4000000.0,29000000.0,6400000.0, Rejected
3329,5, Graduate, Yes,7200000,21300000,2,801,9900000.0,1700000.0,20400000.0,7200000.0, Approved
3330,4, Graduate, No,1000000,2300000,16,543,200000.0,100000.0,2000000.0,1000000.0, Rejected
3331,1, Graduate, No,6300000,17200000,12,714,10100000.0,4200000.0,24700000.0,8500000.0, Approved
3332,3, Graduate, No,1900000,4100000,12,830,4600000.0,1100000.0,5300000.0,2100000.0, Approved
3333,5, Graduate, No,4400000,15300000,4,401,200000.0,5400000.0,17500000.0,2400000.0, Approved
3334,0, Not Graduate, No,9100000,26400000,6,518,15800000.0,1100000.0,35300000.0,5700000.0, Rejected
3338,5, Graduate, No,6900000,26500000,16,322,20500000.0,9800000.0,17100000.0,9400000.0, Rejected
3339,2, Graduate, No,300000,900000,8,735,800000.0,400000.0,500000.0,100000.0, Approved
3340,5, Graduate, Yes,1900000,6700000,2,622,4200000.0,200000.0,3900000.0,1700000.0, Approved
3341,4, Graduate, Yes,4400000,16400000,6,513,5400000.0,7500000.0,13100000.0,5700000.0, Rejected
3342,4, Not Graduate, Yes,1200000,4100000,16,585,900000.0,900000.0,2300000.0,900000.0, Approved
3343,1, Graduate, Yes,1000000,3000000,10,813,2900000.0,500000.0,3300000.0,800000.0, Approved
3346,0, Not Graduate, No,2100000,4700000,2,459,4000000.0,1300000.0,8100000.0,1200000.0, Rejected
3349,4, Graduate, No,1400000,2700000,18,703,600000.0,1300000.0,5400000.0,900000.0, Approved
3350,2, Not Graduate, No,4700000,14600000,20,597,8200000.0,6000000.0,14100000.0,6800000.0, Approved
3351,3, Not Graduate, Yes,4100000,13300000,10,670,1900000.0,5500000.0,13200000.0,6100000.0, Approved
3354,2, Not Graduate, No,6600000,15000000,16,401,13600000.0,6600000.0,23500000.0,3300000.0, Rejected
3355,0, Not Graduate, No,2200000,8800000,4,437,1600000.0,2300000.0,8300000.0,2000000.0, Approved
3356,3, Not Graduate, No,5500000,17600000,8,882,5800000.0,7800000.0,20300000.0,3100000.0, Approved
3357,4, Graduate, No,5100000,15500000,8,392,6700000.0,8100000.0,13600000.0,6700000.0, Rejected
3360,4, Graduate, No,5800000,14700000,10,692,2300000.0,10100000.0,17700000.0,3900000.0, Approved
3361,5, Not Graduate, No,8300000,20700000,2,537,8400000.0,14300000.0,19700000.0,7800000.0, Rejected
3363,1, Graduate, No,2100000,8100000,6,817,4600000.0,2900000.0,4900000.0,2900000.0, Approved
3365,1, Graduate, Yes,5200000,16300000,6,524,11000000.0,3400000.0,20700000.0,4600000.0, Rejected
3366,3, Not Graduate, Yes,7800000,24400000,20,490,6700000.0,5100000.0,17700000.0,4100000.0, Rejected
3367,3, Not Graduate, Yes,5400000,14300000,4,595,4100000.0,2800000.0,19300000.0,4900000.0, Approved
3369,4, Graduate, No,7100000,28300000,6,850,5600000.0,7100000.0,26000000.0,9700000.0, Approved
3370,1, Graduate, Yes,800000,2500000,4,409,1300000.0,1000000.0,3100000.0,900000.0, Approved
3372,1, Graduate, Yes,6800000,17600000,14,344,5500000.0,5600000.0,18100000.0,7700000.0, Rejected
3373,4, Graduate, Yes,7000000,27100000,12,881,8300000.0,9400000.0,17200000.0,9500000.0, Approved
3374,0, Graduate, Yes,9300000,24500000,10,600,20200000.0,700000.0,32600000.0,5400000.0, Approved
3376,3, Graduate, Yes,8000000,31200000,20,392,7300000.0,8400000.0,16000000.0,6000000.0, Rejected
3381,3, Graduate, No,1300000,2900000,8,733,3800000.0,1900000.0,3800000.0,1800000.0, Approved
3382,4, Not Graduate, No,3400000,10500000,16,543,3100000.0,4500000.0,11100000.0,4500000.0, Rejected
3383,3, Graduate, No,3400000,10900000,14,757,5400000.0,1600000.0,7700000.0,3000000.0, Approved
3387,1, Not Graduate, No,6900000,20900000,4,574,3200000.0,1800000.0,25000000.0,5200000.0, Approved
3389,3, Not Graduate, No,6000000,18700000,10,387,6600000.0,6200000.0,23300000.0,6700000.0, Rejected
3390,1, Not Graduate, No,4300000,16400000,20,397,6700000.0,6200000.0,10200000.0,5700000.0, Rejected
3393,2, Not Graduate, No,400000,1500000,4,743,700000.0,500000.0,1200000.0,300000.0, Approved
3394,5, Not Graduate, No,300000,600000,4,418,500000.0,200000.0,700000.0,200000.0, Rejected
3395,1, Not Graduate, No,4200000,10700000,6,466,7400000.0,7000000.0,14000000.0,4700000.0, Rejected
3401,4, Graduate, No,3400000,12700000,2,741,3300000.0,6100000.0,7700000.0,3700000.0, Approved
3404,5, Graduate, Yes,4800000,16300000,4,523,8800000.0,2300000.0,10000000.0,2800000.0, Approved
3405,4, Not Graduate, No,2800000,8300000,14,381,3200000.0,1100000.0,9100000.0,1500000.0, Rejected
3406,1, Graduate, Yes,3400000,7000000,4,534,3100000.0,1600000.0,13000000.0,4000000.0, Rejected
3407,5, Not Graduate, Yes,800000,2200000,14,574,2200000.0,1200000.0,1700000.0,1100000.0, Approved
3409,0, Not Graduate, No,1900000,3800000,16,542,800000.0,500000.0,4000000.0,2100000.0, Rejected
3410,5, Graduate, Yes,6700000,25400000,14,820,10300000.0,8100000.0,18500000.0,3900000.0, Approved
3411,0, Graduate, No,5200000,13400000,2,505,12000000.0,7900000.0,20400000.0,6200000.0, Rejected
3414,0, Not Graduate, No,6000000,22000000,12,826,1400000.0,2000000.0,14100000.0,7000000.0, Approved
3415,5, Not Graduate, Yes,6500000,18900000,12,427,5100000.0,1900000.0,18200000.0,7800000.0, Rejected
3416,3, Graduate, No,500000,2000000,12,890,800000.0,700000.0,1800000.0,400000.0, Approved
3417,4, Not Graduate, No,5700000,13300000,2,333,9400000.0,3000000.0,11800000.0,8200000.0, Rejected
3419,5, Not Graduate, No,3100000,12300000,18,805,4900000.0,1900000.0,6100000.0,2800000.0, Approved
3420,3, Not Graduate, No,5100000,11000000,16,826,11800000.0,2900000.0,12900000.0,2700000.0, Approved
3422,5, Graduate, Yes,4400000,14100000,10,663,5300000.0,4900000.0,17500000.0,2600000.0, Approved
3423,1, Not Graduate, No,8100000,21900000,6,884,15100000.0,5400000.0,27500000.0,6600000.0, Approved
3424,1, Not Graduate, No,1100000,3700000,2,508,200000.0,0.0,2200000.0,1300000.0, Approved
3425,0, Graduate, Yes,2400000,6900000,4,581,5100000.0,4500000.0,6000000.0,3400000.0, Approved
3426,3, Graduate, Yes,7000000,26300000,12,481,14300000.0,12800000.0,15100000.0,9900000.0, Rejected
3427,1, Graduate, Yes,8700000,30000000,12,543,21900000.0,12700000.0,30600000.0,12700000.0, Rejected
3429,1, Graduate, Yes,1600000,5300000,4,713,1400000.0,1400000.0,4900000.0,1300000.0, Approved
3430,5, Not Graduate, Yes,7800000,17300000,16,493,800000.0,4500000.0,16300000.0,9300000.0, Rejected
3431,2, Not Graduate, No,3700000,9200000,10,819,8500000.0,2000000.0,10200000.0,3100000.0, Approved
3433,0, Not Graduate, No,4800000,15700000,10,398,4900000.0,7400000.0,17100000.0,6400000.0, Rejected
3436,0, Graduate, Yes,7600000,18100000,16,439,12800000.0,5900000.0,29800000.0,10600000.0, Rejected
3437,1, Graduate, No,3000000,9400000,4,622,600000.0,3500000.0,9600000.0,2000000.0, Approved
3438,3, Not Graduate, Yes,200000,700000,18,526,400000.0,100000.0,500000.0,0.0, Rejected
3440,5, Not Graduate, Yes,9700000,27400000,2,328,0.0,18400000.0,22000000.0,7900000.0, Rejected
3442,5, Not Graduate, Yes,7400000,24000000,16,854,4300000.0,6700000.0,20600000.0,8700000.0, Approved
3443,4, Graduate, No,6900000,20800000,4,839,2600000.0,2400000.0,16100000.0,7400000.0, Approved
3444,0, Not Graduate, Yes,9100000,23300000,18,414,17700000.0,2500000.0,33800000.0,6400000.0, Rejected
3448,5, Not Graduate, Yes,8200000,20900000,14,726,11400000.0,4800000.0,26000000.0,8400000.0, Approved
3451,4, Graduate, No,700000,1800000,18,728,400000.0,1300000.0,2200000.0,600000.0, Approved
3452,0, Not Graduate, No,7400000,25500000,6,463,2300000.0,5600000.0,26800000.0,8400000.0, Rejected
3457,1, Not Graduate, No,8000000,30900000,2,315,23500000.0,1200000.0,19500000.0,7300000.0, Approved
3459,3, Not Graduate, Yes,7500000,26000000,2,342,13900000.0,1900000.0,26900000.0,11200000.0, Approved
3462,1, Graduate, Yes,4200000,11300000,4,704,4700000.0,2800000.0,14900000.0,4000000.0, Approved
3464,0, Graduate, Yes,7400000,15200000,12,600,6200000.0,8500000.0,18800000.0,4100000.0, Approved
3468,5, Graduate, Yes,4100000,9900000,4,319,7600000.0,7400000.0,12000000.0,5500000.0, Rejected
3470,3, Graduate, Yes,4800000,11500000,12,535,3600000.0,8000000.0,15600000.0,5400000.0, Rejected
3472,4, Not Graduate, No,7600000,23900000,8,672,2500000.0,1600000.0,20200000.0,6700000.0, Approved
3474,5, Graduate, No,3600000,11600000,14,546,8500000.0,300000.0,12000000.0,4800000.0, Rejected
3475,3, Not Graduate, Yes,5400000,16800000,16,550,10700000.0,6400000.0,13400000.0,7000000.0, Approved
3476,5, Not Graduate, No,700000,1400000,4,344,1500000.0,800000.0,2600000.0,300000.0, Rejected
3479,0, Graduate, Yes,9400000,29900000,12,302,12300000.0,1500000.0,35700000.0,8200000.0, Rejected
3480,3, Graduate, Yes,3200000,9100000,18,376,4500000.0,800000.0,9000000.0,1700000.0, Rejected
3482,2, Graduate, Yes,4200000,15800000,6,710,12300000.0,3700000.0,12600000.0,4600000.0, Approved
3483,2, Not Graduate, No,7000000,24200000,6,892,20600000.0,500000.0,21400000.0,9200000.0, Approved
3484,3, Not Graduate, No,3200000,11500000,16,492,4800000.0,2300000.0,10400000.0,3200000.0, Rejected
3485,5, Graduate, No,7900000,17700000,2,559,19700000.0,2800000.0,28900000.0,5400000.0, Approved
3486,3, Not Graduate, No,2200000,8300000,18,314,1100000.0,900000.0,5800000.0,2000000.0, Rejected
3491,1, Graduate, No,4700000,15700000,4,468,13300000.0,5100000.0,16200000.0,3600000.0, Approved
3492,2, Not Graduate, No,8100000,17500000,4,674,10800000.0,12700000.0,23200000.0,9300000.0, Approved
3493,2, Not Graduate, No,9000000,27300000,14,353,22600000.0,4400000.0,26900000.0,7200000.0, Rejected
3494,4, Not Graduate, No,3800000,14100000,8,727,3900000.0,4900000.0,8200000.0,5400000.0, Approved
3495,4, Not Graduate, Yes,8800000,22200000,10,512,6800000.0,4000000.0,31900000.0,9900000.0, Rejected
3496,3, Not Graduate, Yes,8700000,27200000,18,454,9100000.0,9300000.0,30900000.0,12000000.0, Rejected
3497,5, Not Graduate, No,5000000,12400000,14,315,7400000.0,8600000.0,17000000.0,4000000.0, Rejected
3498,0, Not Graduate, Yes,6000000,22700000,10,480,200000.0,11900000.0,13700000.0,8700000.0, Rejected
3499,2, Graduate, Yes,9100000,24200000,16,685,25600000.0,1900000.0,31100000.0,9100000.0, Approved
3500,1, Graduate, No,7400000,17900000,6,460,2600000.0,1300000.0,25900000.0,5000000.0, Rejected
3502,1, Graduate, Yes,7600000,23900000,12,692,500000.0,12200000.0,27000000.0,5000000.0, Approved
3507,5, Graduate, No,700000,2400000,16,447,1300000.0,700000.0,2600000.0,800000.0, Rejected
3508,0, Not Graduate, Yes,9600000,23800000,12,788,9900000.0,14400000.0,21200000.0,10400000.0, Approved
3510,0, Graduate, No,9500000,28400000,18,577,6200000.0,10300000.0,30200000.0,14100000.0, Approved
3512,5, Graduate, Yes,7300000,21000000,14,759,15500000.0,8000000.0,20300000.0,10800000.0, Approved
3514,2, Graduate, No,2900000,10200000,4,789,1200000.0,4100000.0,6100000.0,3600000.0, Approved
3515,3, Graduate, Yes,7500000,17900000,2,680,7000000.0,11800000.0,25000000.0,6300000.0, Approved
3516,1, Graduate, No,7900000,25700000,20,681,14900000.0,3000000.0,18100000.0,8800000.0, Approved
3517,1, Graduate, Yes,6900000,22300000,16,673,17400000.0,100000.0,21300000.0,9000000.0, Approved
3518,0, Not Graduate, No,6900000,22900000,10,313,5600000.0,9300000.0,26200000.0,8000000.0, Rejected
3521,3, Not Graduate, No,6900000,22700000,4,650,900000.0,13400000.0,15500000.0,6400000.0, Approved
3522,1, Not Graduate, No,1200000,4500000,4,439,3200000.0,1800000.0,2900000.0,1200000.0, Approved
3523,1, Graduate, No,2900000,9600000,4,658,8200000.0,4300000.0,7000000.0,2700000.0, Approved
3524,4, Graduate, Yes,5500000,18900000,6,379,13900000.0,9100000.0,18500000.0,3100000.0, Rejected
3525,4, Graduate, Yes,3200000,10700000,4,450,7300000.0,3000000.0,8200000.0,1800000.0, Approved
3529,0, Not Graduate, No,1300000,4900000,12,555,2400000.0,1200000.0,4100000.0,1700000.0, Approved
3530,1, Not Graduate, No,9900000,20700000,20,821,12700000.0,8200000.0,38100000.0,11100000.0, Approved
3532,1, Not Graduate, No,5100000,15300000,4,721,7000000.0,6100000.0,15300000.0,5900000.0, Approved
3534,5, Not Graduate, No,4200000,12600000,18,571,8900000.0,3200000.0,11700000.0,6200000.0, Approved
3537,1, Not Graduate, No,6600000,19700000,12,758,16000000.0,4400000.0,18800000.0,9500000.0, Approved
3538,2, Graduate, Yes,8300000,30100000,16,636,5200000.0,5100000.0,33100000.0,7200000.0, Approved
3541,1, Graduate, No,7900000,15800000,8,551,800000.0,3500000.0,18700000.0,8300000.0, Approved
3543,1, Graduate, No,6500000,23400000,2,672,5000000.0,10400000.0,16700000.0,7600000.0, Approved
3551,2, Not Graduate, No,9100000,18600000,20,403,18400000.0,11700000.0,20300000.0,9200000.0, Rejected
3552,3, Not Graduate, Yes,7600000,26400000,14,867,9200000.0,700000.0,27900000.0,7400000.0, Approved
3554,5, Graduate, No,1800000,6000000,4,548,1400000.0,2400000.0,6500000.0,2600000.0, Approved
3555,0, Not Graduate, No,7300000,28200000,16,486,15300000.0,8800000.0,16400000.0,7700000.0, Rejected
3557,5, Graduate, No,5200000,20700000,2,538,3200000.0,2000000.0,14600000.0,3600000.0, Approved
3558,4, Not Graduate, No,7100000,28200000,14,496,6300000.0,10900000.0,27700000.0,4600000.0, Rejected
3559,4, Graduate, Yes,1400000,4800000,6,411,1400000.0,300000.0,4400000.0,1600000.0, Rejected
3560,4, Not Graduate, No,2700000,10700000,6,857,7400000.0,4200000.0,8200000.0,2800000.0, Approved
3561,5, Graduate, Yes,6500000,18100000,10,360,15700000.0,10600000.0,20200000.0,6100000.0, Rejected
3562,4, Graduate, No,9300000,35900000,18,461,9800000.0,12700000.0,26200000.0,11400000.0, Rejected
3564,5, Graduate, No,6800000,19300000,6,865,12100000.0,100000.0,22900000.0,9000000.0, Approved
3565,5, Not Graduate, No,5600000,13600000,4,449,5900000.0,5700000.0,18800000.0,4300000.0, Rejected
3566,1, Not Graduate, Yes,1900000,4700000,2,870,4700000.0,2300000.0,3900000.0,2300000.0, Approved
3567,5, Not Graduate, No,8400000,19500000,6,815,5300000.0,2500000.0,24000000.0,7200000.0, Approved
3569,1, Not Graduate, Yes,2900000,9900000,18,783,1300000.0,100000.0,11000000.0,2600000.0, Approved
3570,3, Graduate, Yes,3200000,7400000,2,543,3600000.0,4500000.0,11200000.0,4600000.0, Rejected
3571,4, Not Graduate, Yes,3000000,10900000,2,786,7600000.0,3300000.0,8000000.0,3200000.0, Approved
3573,2, Not Graduate, Yes,400000,1300000,2,885,200000.0,300000.0,1100000.0,500000.0, Approved
3578,5, Not Graduate, Yes,9700000,27600000,10,788,9400000.0,3100000.0,31800000.0,10600000.0, Approved
3579,2, Not Graduate, No,7000000,22400000,6,649,12200000.0,9900000.0,17800000.0,8900000.0, Approved
3581,3, Graduate, Yes,3100000,11200000,14,772,3400000.0,5800000.0,8300000.0,2100000.0, Approved
3583,5, Not Graduate, Yes,7100000,21500000,4,557,8900000.0,8000000.0,26400000.0,4000000.0, Approved
3585,3, Graduate, Yes,9800000,28400000,12,487,8900000.0,15400000.0,30800000.0,11100000.0, Rejected
3586,2, Graduate, Yes,3900000,9700000,8,539,4400000.0,7600000.0,7900000.0,5100000.0, Rejected
3587,2, Graduate, Yes,2200000,8100000,8,710,500000.0,2900000.0,7300000.0,1000000.0, Approved
3592,3, Not Graduate, Yes,700000,2000000,18,544,800000.0,1300000.0,1500000.0,400000.0, Rejected
3597,2, Not Graduate, Yes,2300000,9000000,6,583,3600000.0,1300000.0,6900000.0,3400000.0, Approved
3600,2, Not Graduate, Yes,5200000,12900000,18,644,400000.0,5000000.0,12000000.0,7500000.0, Approved
3601,2, Graduate, No,5400000,14500000,8,349,10800000.0,4800000.0,21100000.0,6600000.0, Rejected
3602,3, Graduate, No,7700000,25300000,18,662,3400000.0,11400000.0,19100000.0,9900000.0, Approved
3603,0, Not Graduate, Yes,1900000,6400000,20,704,900000.0,3400000.0,5300000.0,1900000.0, Approved
3604,4, Not Graduate, Yes,6400000,15500000,2,324,18400000.0,11100000.0,13900000.0,4500000.0, Rejected
3605,5, Graduate, No,700000,1700000,18,757,1900000.0,200000.0,2100000.0,600000.0, Approved
3608,5, Graduate, Yes,4300000,13800000,18,618,9600000.0,800000.0,14000000.0,2400000.0, Approved
3609,4, Graduate, No,8000000,27100000,8,524,16900000.0,10900000.0,25600000.0,8400000.0, Rejected
3610,0, Not Graduate, No,1100000,4100000,18,887,400000.0,1300000.0,2600000.0,1300000.0, Approved
3611,2, Not Graduate, Yes,8800000,31100000,12,729,12300000.0,2400000.0,21900000.0,9400000.0, Approved
3613,0, Not Graduate, Yes,200000,700000,20,724,600000.0,0.0,500000.0,300000.0, Approved
3617,0, Graduate, Yes,6100000,19200000,6,890,13900000.0,5900000.0,16700000.0,7600000.0, Approved
3619,4, Not Graduate, No,4800000,10100000,12,634,9200000.0,300000.0,15000000.0,6900000.0, Approved
3621,4, Not Graduate, No,1300000,3500000,12,512,3300000.0,1400000.0,3200000.0,700000.0, Rejected
3623,2, Graduate, Yes,3300000,11100000,20,823,4600000.0,1500000.0,11700000.0,2900000.0, Approved
3624,2, Not Graduate, Yes,8700000,28400000,12,880,8000000.0,1800000.0,19400000.0,4400000.0, Approved
3627,3, Not Graduate, No,6900000,18500000,6,360,14000000.0,0.0,18800000.0,9600000.0, Rejected
3629,2, Graduate, Yes,8600000,32500000,4,758,20900000.0,600000.0,18000000.0,6900000.0, Approved
3630,2, Graduate, No,5400000,20600000,18,621,11200000.0,2200000.0,11600000.0,5500000.0, Approved
3634,0, Not Graduate, No,300000,500000,18,376,300000.0,0.0,800000.0,300000.0, Rejected
3640,0, Graduate, No,7400000,24100000,16,779,800000.0,2900000.0,28900000.0,4900000.0, Approved
3641,3, Not Graduate, Yes,7800000,17700000,6,876,15600000.0,15200000.0,25100000.0,10800000.0, Approved
3642,3, Graduate, Yes,7200000,16500000,18,515,7800000.0,6300000.0,17300000.0,10600000.0, Rejected
3646,2, Not Graduate, No,8200000,30600000,10,343,9800000.0,11500000.0,16900000.0,7000000.0, Rejected
3648,3, Not Graduate, No,3900000,11900000,6,607,6600000.0,6000000.0,8800000.0,2000000.0, Approved
3654,1, Graduate, Yes,4300000,17200000,4,564,10400000.0,6600000.0,11500000.0,2200000.0, Approved
3655,1, Not Graduate, Yes,300000,900000,20,419,800000.0,0.0,600000.0,300000.0, Rejected
3657,1, Not Graduate, No,4400000,12100000,4,884,9800000.0,6500000.0,15000000.0,6000000.0, Approved
3659,2, Graduate, No,600000,1300000,12,475,100000.0,1100000.0,2300000.0,600000.0, Rejected
3661,5, Not Graduate, No,3800000,10500000,10,759,1800000.0,6700000.0,8100000.0,5300000.0, Approved
3664,5, Graduate, Yes,4500000,17100000,2,639,10600000.0,7500000.0,12000000.0,6500000.0, Approved
3665,4, Not Graduate, No,1900000,4000000,10,388,500000.0,1400000.0,5600000.0,900000.0, Rejected
3666,5, Graduate, Yes,6400000,20000000,12,594,100000.0,2100000.0,16500000.0,5500000.0, Approved
3669,3, Not Graduate, No,300000,600000,6,896,300000.0,400000.0,600000.0,400000.0, Approved
3671,2, Not Graduate, Yes,600000,1700000,2,495,1700000.0,200000.0,1200000.0,500000.0, Rejected
3673,4, Not Graduate, No,7600000,20800000,12,775,1900000.0,13600000.0,19200000.0,6400000.0, Approved
3675,3, Graduate, Yes,5600000,12700000,12,395,8200000.0,9300000.0,22000000.0,6400000.0, Rejected
3677,2, Not Graduate, Yes,7900000,16100000,18,318,17300000.0,2900000.0,29900000.0,9300000.0, Rejected
3679,3, Not Graduate, No,1200000,3100000,10,438,1500000.0,2200000.0,3900000.0,1000000.0, Rejected
3681,5, Not Graduate, No,2700000,5600000,2,815,1100000.0,2000000.0,7100000.0,2600000.0, Approved
3682,4, Graduate, Yes,9800000,22100000,4,364,16800000.0,11100000.0,26500000.0,7300000.0, Rejected
3683,2, Not Graduate, No,9300000,32300000,4,586,14300000.0,6400000.0,37000000.0,10400000.0, Approved
3684,4, Not Graduate, No,6700000,25300000,12,555,16900000.0,3600000.0,23500000.0,4900000.0, Approved
3685,4, Graduate, No,1300000,4600000,10,312,1800000.0,600000.0,3100000.0,800000.0, Rejected
3687,5, Not Graduate, No,6700000,23200000,18,672,1600000.0,6700000.0,20800000.0,5400000.0, Approved
3689,4, Graduate, Yes,4700000,11000000,4,321,10100000.0,100000.0,9600000.0,6900000.0, Rejected
3690,2, Graduate, No,3700000,13400000,16,393,6400000.0,600000.0,14200000.0,3500000.0, Rejected
3691,0, Graduate, Yes,5800000,21800000,2,561,4400000.0,7200000.0,15000000.0,4200000.0, Approved
3692,5, Graduate, Yes,2400000,6900000,20,725,1700000.0,400000.0,8800000.0,2400000.0, Approved
3693,1, Not Graduate, Yes,8100000,27600000,16,438,1000000.0,10500000.0,32200000.0,8000000.0, Rejected
3694,5, Graduate, Yes,5400000,21400000,12,399,4000000.0,9700000.0,12400000.0,6800000.0, Rejected
3695,0, Graduate, No,1400000,5400000,8,592,4100000.0,400000.0,4300000.0,800000.0, Approved
3700,3, Not Graduate, Yes,5300000,19500000,4,591,13200000.0,4700000.0,19800000.0,7900000.0, Approved
3701,0, Graduate, Yes,2800000,6800000,12,349,4100000.0,2000000.0,11100000.0,1400000.0, Rejected
3702,1, Graduate, Yes,9600000,29900000,18,478,18500000.0,15200000.0,38200000.0,9400000.0, Rejected
3703,4, Graduate, No,2200000,7800000,20,633,0.0,3900000.0,8400000.0,1900000.0, Approved
3706,2, Not Graduate, Yes,2800000,7000000,2,834,500000.0,2900000.0,8100000.0,1300000.0, Approved
3707,0, Not Graduate, No,2500000,5800000,20,671,7400000.0,500000.0,7500000.0,2000000.0, Approved
3709,3, Graduate, No,6100000,20700000,4,816,14900000.0,5400000.0,24200000.0,5900000.0, Approved
3711,5, Not Graduate, Yes,4500000,12700000,8,307,11000000.0,3800000.0,12600000.0,2700000.0, Rejected
3713,3, Not Graduate, Yes,5800000,16600000,10,444,13300000.0,5900000.0,15000000.0,8500000.0, Rejected
3717,5, Not Graduate, No,2400000,5100000,6,756,1500000.0,200000.0,5300000.0,3400000.0, Approved
3718,4, Graduate, No,5600000,12000000,4,719,5600000.0,2900000.0,14500000.0,3400000.0, Approved
3720,4, Not Graduate, Yes,4900000,15900000,10,668,10800000.0,8300000.0,14900000.0,2800000.0, Approved
3721,4, Not Graduate, Yes,5900000,16500000,2,765,13000000.0,9400000.0,20000000.0,3500000.0, Approved
3722,5, Graduate, Yes,500000,1500000,4,476,200000.0,200000.0,1100000.0,700000.0, Approved
3724,1, Not Graduate, No,3500000,12700000,4,350,5200000.0,6800000.0,12900000.0,1800000.0, Approved
3725,0, Graduate, No,5200000,12200000,16,783,5000000.0,2000000.0,11400000.0,5100000.0, Approved
3727,2, Not Graduate, No,8400000,28300000,10,822,1800000.0,16000000.0,33000000.0,4400000.0, Approved
3728,1, Not Graduate, Yes,7500000,22500000,14,469,12300000.0,9600000.0,16200000.0,4500000.0, Rejected
3729,2, Graduate, No,3300000,13000000,16,300,5500000.0,5900000.0,7400000.0,3100000.0, Rejected
3730,2, Not Graduate, No,8800000,22400000,14,692,21700000.0,5100000.0,18600000.0,10900000.0, Approved
3731,5, Graduate, No,200000,700000,18,707,-100000.0,100000.0,500000.0,200000.0, Approved
3732,5, Not Graduate, Yes,8000000,29100000,4,658,10600000.0,8600000.0,28800000.0,4600000.0, Approved
3733,3, Graduate, No,1000000,4000000,6,625,700000.0,100000.0,2800000.0,500000.0, Approved
3734,1, Graduate, No,9400000,26700000,10,343,7600000.0,2500000.0,28600000.0,13200000.0, Rejected
3736,4, Graduate, Yes,5400000,11500000,20,705,14600000.0,3800000.0,13500000.0,6100000.0, Approved
3738,3, Graduate, No,8800000,33700000,12,397,17300000.0,16000000.0,22200000.0,8800000.0, Rejected
3741,2, Not Graduate, Yes,2500000,7200000,16,315,5500000.0,3300000.0,4900000.0,2800000.0, Rejected
3742,5, Not Graduate, Yes,6900000,15700000,14,887,13800000.0,5300000.0,25200000.0,4500000.0, Approved
3743,5, Graduate, Yes,5700000,20500000,16,429,2800000.0,1900000.0,22400000.0,3900000.0, Rejected
3744,4, Graduate, Yes,5500000,15100000,18,673,10500000.0,8000000.0,13900000.0,7200000.0, Approved
3748,4, Not Graduate, No,2300000,5500000,6,343,-100000.0,4100000.0,4800000.0,3200000.0, Rejected
3749,0, Not Graduate, Yes,3000000,11000000,16,331,8000000.0,4500000.0,6600000.0,2400000.0, Rejected
3750,0, Not Graduate, No,7900000,26200000,18,845,14200000.0,14700000.0,27400000.0,6300000.0, Approved
3754,0, Not Graduate, Yes,8200000,19100000,2,764,22900000.0,8900000.0,20500000.0,4000000.0, Approved
3755,1, Graduate, No,2800000,6900000,14,553,400000.0,4900000.0,6800000.0,4200000.0, Approved
3756,1, Not Graduate, No,8900000,20000000,2,653,12700000.0,600000.0,17800000.0,9900000.0, Approved
3759,2, Not Graduate, Yes,6100000,12300000,18,697,14100000.0,9100000.0,12600000.0,3500000.0, Approved
3761,1, Not Graduate, No,1600000,5600000,6,846,600000.0,2800000.0,4600000.0,1200000.0, Approved
3764,3, Graduate, No,9600000,34500000,20,523,26100000.0,2600000.0,24300000.0,5300000.0, Rejected
3765,4, Graduate, Yes,8300000,25400000,4,624,22900000.0,4000000.0,24800000.0,5400000.0, Approved
3767,3, Not Graduate, Yes,5600000,11600000,12,756,3300000.0,1800000.0,18400000.0,7800000.0, Approved
3768,3, Graduate, Yes,4100000,8300000,16,351,6000000.0,100000.0,11100000.0,2200000.0, Rejected
3769,3, Not Graduate, No,3700000,13400000,18,373,2800000.0,100000.0,13200000.0,2500000.0, Rejected
3770,4, Not Graduate, Yes,800000,2400000,2,461,1300000.0,1300000.0,2300000.0,300000.0, Approved
3771,4, Graduate, No,8100000,28100000,12,672,5600000.0,9200000.0,17200000.0,9500000.0, Approved
3772,2, Graduate, Yes,2700000,9500000,10,434,2700000.0,1500000.0,8100000.0,1800000.0, Rejected
3773,2, Not Graduate, Yes,7000000,21400000,12,541,3700000.0,1300000.0,19800000.0,9600000.0, Rejected
3777,1, Graduate, No,7800000,23900000,4,313,2600000.0,15300000.0,23000000.0,10900000.0, Approved
3779,0, Not Graduate, Yes,2600000,6000000,8,382,1700000.0,2200000.0,8200000.0,1600000.0, Rejected
3785,1, Graduate, Yes,9800000,21200000,4,885,18000000.0,16400000.0,37300000.0,10800000.0, Approved
3786,3, Graduate, No,7800000,16600000,20,896,12400000.0,10800000.0,30500000.0,5500000.0, Approved
3787,5, Not Graduate, No,4900000,14100000,2,802,3300000.0,7500000.0,16100000.0,2700000.0, Approved
3788,3, Graduate, Yes,8300000,22700000,2,650,3600000.0,16000000.0,18000000.0,5800000.0, Approved
3789,4, Not Graduate, Yes,3900000,8900000,10,665,9300000.0,4000000.0,9200000.0,5300000.0, Approved
3791,1, Not Graduate, No,9600000,32400000,20,447,15400000.0,18400000.0,19800000.0,4700000.0, Rejected
3792,5, Not Graduate, Yes,1000000,2400000,18,613,1600000.0,1300000.0,2600000.0,600000.0, Approved
3793,5, Graduate, No,2800000,7200000,16,424,900000.0,5000000.0,6100000.0,3200000.0, Rejected
3794,2, Not Graduate, No,8300000,20800000,6,667,19300000.0,4100000.0,25400000.0,6800000.0, Approved
3795,4, Not Graduate, Yes,6900000,18300000,18,715,8200000.0,600000.0,15000000.0,7500000.0, Approved
3797,2, Not Graduate, No,8000000,17800000,20,549,2400000.0,9700000.0,27400000.0,10800000.0, Rejected
3801,3, Not Graduate, No,4600000,17900000,8,396,10700000.0,4000000.0,12300000.0,2600000.0, Rejected
3804,0, Graduate, Yes,9400000,36100000,10,615,21200000.0,3800000.0,27400000.0,9100000.0, Approved
3808,0, Graduate, Yes,1100000,3400000,14,832,3200000.0,200000.0,4400000.0,1600000.0, Approved
3809,5, Graduate, No,9200000,34800000,12,802,22000000.0,11000000.0,19800000.0,12500000.0, Approved
3811,4, Graduate, No,5100000,18800000,10,694,6400000.0,5300000.0,13500000.0,4100000.0, Approved
3813,1, Not Graduate, Yes,3700000,10900000,14,748,3700000.0,2800000.0,13200000.0,4100000.0, Approved
3814,5, Graduate, No,3600000,12800000,4,320,2500000.0,2900000.0,12600000.0,2900000.0, Approved
3815,1, Graduate, No,5600000,11700000,10,774,11000000.0,4300000.0,13100000.0,6500000.0, Approved
3816,0, Not Graduate, Yes,9500000,32000000,2,500,8300000.0,9700000.0,24500000.0,5600000.0, Approved
3817,4, Not Graduate, No,1500000,4000000,18,706,0.0,2700000.0,4400000.0,1700000.0, Approved
3818,4, Not Graduate, No,7400000,18300000,10,601,16400000.0,12600000.0,28800000.0,6100000.0, Approved
3819,2, Graduate, No,6000000,17400000,16,806,1800000.0,2100000.0,20200000.0,3500000.0, Approved
3820,0, Graduate, Yes,3000000,9600000,6,644,3900000.0,700000.0,10500000.0,3000000.0, Approved
3822,5, Graduate, Yes,600000,1500000,12,509,1600000.0,100000.0,1900000.0,800000.0, Rejected
3824,2, Graduate, Yes,5500000,12000000,2,567,7200000.0,4700000.0,11500000.0,7000000.0, Approved
3825,1, Graduate, No,1000000,2100000,6,715,2200000.0,1000000.0,2200000.0,1100000.0, Approved
3826,2, Not Graduate, Yes,1700000,3500000,10,854,5000000.0,2400000.0,3400000.0,1700000.0, Approved
3827,1, Graduate, Yes,3400000,12300000,8,523,6100000.0,4700000.0,8300000.0,2600000.0, Rejected
3828,1, Graduate, Yes,9600000,35900000,8,534,24500000.0,17700000.0,31900000.0,5400000.0, Rejected
3830,1, Graduate, No,1600000,3500000,18,619,3200000.0,100000.0,6300000.0,1500000.0, Approved
3831,0, Graduate, Yes,4300000,12800000,20,572,8600000.0,2200000.0,11000000.0,6100000.0, Approved
3832,3, Graduate, No,1400000,3500000,16,365,2600000.0,2200000.0,2900000.0,1600000.0, Rejected
3833,0, Not Graduate, No,8000000,18000000,16,791,13900000.0,10300000.0,23400000.0,10600000.0, Approved
3834,4, Not Graduate, Yes,5000000,18100000,12,424,5200000.0,2000000.0,14500000.0,6100000.0, Rejected
3835,5, Graduate, No,4500000,10200000,12,726,2900000.0,8600000.0,17500000.0,4200000.0, Approved
3837,5, Graduate, Yes,5700000,12800000,14,488,13600000.0,1000000.0,13200000.0,5500000.0, Rejected
3838,2, Not Graduate, Yes,2600000,7600000,10,400,6800000.0,2800000.0,10100000.0,3200000.0, Rejected
3840,2, Not Graduate, Yes,5100000,16800000,2,504,6400000.0,2700000.0,17100000.0,4400000.0, Approved
3841,4, Not Graduate, Yes,5100000,18600000,20,312,9600000.0,6000000.0,16500000.0,5500000.0, Rejected
3842,5, Graduate, Yes,1700000,6500000,14,587,1100000.0,1000000.0,6400000.0,1500000.0, Approved
3843,1, Not Graduate, No,5200000,10500000,20,317,3000000.0,8000000.0,19300000.0,5300000.0, Rejected
3845,1, Not Graduate, Yes,9000000,34000000,16,842,6300000.0,16900000.0,22900000.0,5800000.0, Approved
3846,4, Graduate, Yes,3400000,11800000,20,616,5000000.0,3300000.0,9900000.0,2900000.0, Approved
3850,2, Not Graduate, No,5000000,14700000,12,837,2200000.0,7200000.0,11700000.0,4800000.0, Approved
3852,4, Not Graduate, Yes,2000000,5200000,16,724,5200000.0,3800000.0,4600000.0,2800000.0, Approved
3853,5, Not Graduate, No,9000000,23900000,12,658,5700000.0,4600000.0,32100000.0,6100000.0, Approved
3854,5, Graduate, No,8300000,31800000,16,858,24600000.0,11100000.0,26300000.0,8500000.0, Approved
3855,0, Not Graduate, Yes,3100000,8500000,8,614,1700000.0,4600000.0,11000000.0,3300000.0, Approved
3856,2, Graduate, Yes,8500000,25600000,16,714,11400000.0,14800000.0,17200000.0,5700000.0, Approved
3857,2, Graduate, Yes,1200000,4600000,20,605,3600000.0,1500000.0,4600000.0,600000.0, Approved
3858,4, Graduate, Yes,2800000,5500000,8,875,6900000.0,4000000.0,6000000.0,3300000.0, Approved
3860,5, Graduate, Yes,6500000,24100000,6,441,14100000.0,9600000.0,15300000.0,5200000.0, Rejected
3861,4, Graduate, No,8700000,25200000,18,790,25000000.0,9100000.0,18400000.0,8400000.0, Approved
3862,1, Not Graduate, Yes,5400000,13600000,4,821,11600000.0,8700000.0,19900000.0,5600000.0, Approved
3866,0, Graduate, No,6400000,14000000,8,486,5100000.0,12700000.0,23900000.0,3700000.0, Rejected
3868,5, Not Graduate, Yes,2900000,11100000,4,683,1700000.0,3900000.0,9400000.0,3300000.0, Approved
3869,5, Not Graduate, No,9600000,27100000,8,594,25500000.0,4600000.0,26800000.0,13300000.0, Approved
3874,1, Not Graduate, No,6400000,21500000,6,489,1600000.0,4600000.0,17600000.0,8900000.0, Rejected
3876,5, Graduate, No,1600000,6100000,8,663,3900000.0,800000.0,6400000.0,1200000.0, Approved
3878,2, Graduate, Yes,3100000,10700000,4,398,3100000.0,3000000.0,7400000.0,2000000.0, Approved
3880,3, Graduate, Yes,8100000,19900000,20,347,22800000.0,14400000.0,29800000.0,5500000.0, Rejected
3883,1, Graduate, Yes,9700000,34300000,20,756,15700000.0,18500000.0,26800000.0,14100000.0, Approved
3884,4, Graduate, No,2300000,5400000,16,490,6200000.0,3700000.0,5500000.0,2100000.0, Rejected
3887,1, Graduate, Yes,500000,1800000,8,877,100000.0,200000.0,1100000.0,600000.0, Approved
3889,1, Not Graduate, No,9100000,23300000,18,792,800000.0,12600000.0,32100000.0,12400000.0, Approved
3891,4, Graduate, Yes,6200000,21300000,16,882,11800000.0,3500000.0,12900000.0,4100000.0, Approved
3894,3, Graduate, Yes,500000,900000,12,538,0.0,700000.0,1500000.0,300000.0, Rejected
3896,0, Graduate, Yes,1800000,5200000,16,317,4900000.0,1500000.0,4000000.0,1300000.0, Rejected
3899,2, Not Graduate, Yes,8000000,28100000,18,765,24000000.0,10500000.0,17700000.0,8200000.0, Approved
3901,0, Graduate, Yes,8200000,29700000,6,405,3900000.0,800000.0,23900000.0,5700000.0, Rejected
3902,5, Graduate, No,2300000,4900000,4,529,6200000.0,3900000.0,9200000.0,2000000.0, Rejected
3910,1, Not Graduate, Yes,9100000,31400000,4,304,14100000.0,16700000.0,30200000.0,9600000.0, Approved
3912,5, Not Graduate, Yes,1700000,4600000,12,503,900000.0,2200000.0,4800000.0,1200000.0, Rejected
3913,1, Graduate, No,7100000,14300000,12,720,4600000.0,500000.0,27300000.0,8400000.0, Approved
3914,5, Graduate, No,9400000,36800000,10,509,20700000.0,7400000.0,22400000.0,6300000.0, Rejected
3917,1, Graduate, Yes,8900000,21200000,8,716,5400000.0,9200000.0,23800000.0,7900000.0, Approved
3918,1, Graduate, Yes,6500000,14800000,12,360,3500000.0,2100000.0,15000000.0,7300000.0, Rejected
3919,3, Graduate, Yes,8100000,26700000,10,895,5100000.0,9800000.0,17100000.0,9900000.0, Approved
3920,2, Not Graduate, No,4900000,13500000,8,328,10500000.0,8100000.0,18300000.0,3400000.0, Rejected
3921,4, Graduate, No,9100000,26600000,2,812,23300000.0,11900000.0,33100000.0,10400000.0, Approved
3922,3, Graduate, Yes,9000000,33100000,16,456,23800000.0,7000000.0,26000000.0,7100000.0, Rejected
3925,5, Not Graduate, No,3200000,9300000,6,656,7000000.0,3200000.0,12700000.0,4200000.0, Approved
3926,0, Not Graduate, No,7500000,28700000,2,895,2000000.0,4100000.0,21500000.0,7200000.0, Approved
3927,3, Graduate, No,4900000,12800000,14,653,7300000.0,1000000.0,13000000.0,7200000.0, Approved
3929,2, Graduate, No,6400000,16500000,8,544,12100000.0,6300000.0,15200000.0,5400000.0, Rejected
3930,0, Not Graduate, Yes,3900000,14100000,20,811,5700000.0,3600000.0,10500000.0,5300000.0, Approved
3931,4, Graduate, No,9700000,26900000,10,460,11400000.0,3900000.0,31400000.0,9300000.0, Rejected
3932,5, Graduate, Yes,3600000,12500000,12,795,10600000.0,2700000.0,11100000.0,4800000.0, Approved
3933,2, Graduate, Yes,3400000,10300000,4,745,4900000.0,4000000.0,10000000.0,3900000.0, Approved
3934,0, Not Graduate, No,9800000,20100000,16,606,6200000.0,800000.0,37300000.0,8700000.0, Approved
3935,1, Not Graduate, No,5100000,14200000,6,451,6100000.0,7600000.0,11400000.0,5600000.0, Rejected
3938,2, Not Graduate, No,9700000,30200000,14,769,23700000.0,13600000.0,26400000.0,7500000.0, Approved
3939,5, Not Graduate, Yes,4700000,11800000,4,639,3600000.0,700000.0,9400000.0,5500000.0, Approved
3940,5, Graduate, No,4200000,12500000,18,723,1200000.0,300000.0,12900000.0,6100000.0, Approved
3941,4, Graduate, No,9300000,26100000,16,623,11700000.0,10500000.0,21100000.0,10700000.0, Approved
3942,3, Not Graduate, Yes,5300000,20800000,6,487,9700000.0,3400000.0,18500000.0,4200000.0, Rejected
3944,2, Graduate, No,6200000,16900000,12,754,2300000.0,4200000.0,15300000.0,7900000.0, Approved
3945,0, Graduate, No,8900000,21600000,10,552,2300000.0,9900000.0,20700000.0,11900000.0, Approved
3946,4, Not Graduate, Yes,7900000,27300000,10,560,23100000.0,14400000.0,28500000.0,10900000.0, Approved
3948,2, Graduate, No,5300000,16700000,18,339,4600000.0,3300000.0,12000000.0,4100000.0, Rejected
3949,2, Not Graduate, No,1400000,3100000,4,881,3700000.0,400000.0,5000000.0,1100000.0, Approved
3950,1, Not Graduate, Yes,9100000,23600000,20,535,2800000.0,17600000.0,26400000.0,4500000.0, Rejected
3951,4, Not Graduate, No,4400000,17200000,4,563,4100000.0,3700000.0,12700000.0,2900000.0, Approved
3952,5, Not Graduate, No,2800000,8200000,14,615,7400000.0,3300000.0,6700000.0,2700000.0, Approved
3953,3, Not Graduate, No,1300000,3300000,8,795,1400000.0,800000.0,4600000.0,1600000.0, Approved
3954,4, Graduate, No,8400000,28700000,14,878,23400000.0,8300000.0,23900000.0,8600000.0, Approved
3955,5, Graduate, Yes,5300000,14000000,6,633,11800000.0,4500000.0,12800000.0,6100000.0, Approved
3957,2, Not Graduate, Yes,2100000,6800000,12,795,6100000.0,1900000.0,7200000.0,2400000.0, Approved
3958,0, Not Graduate, No,4300000,11000000,4,374,7100000.0,7300000.0,9300000.0,4700000.0, Rejected
3961,3, Graduate, No,4700000,9800000,14,444,8200000.0,300000.0,15700000.0,3800000.0, Rejected
3963,3, Graduate, Yes,500000,1900000,18,618,-100000.0,600000.0,1000000.0,400000.0, Approved
3965,4, Graduate, No,4800000,10800000,12,833,3000000.0,4000000.0,16400000.0,7100000.0, Approved
3967,1, Graduate, Yes,1800000,4000000,16,747,700000.0,200000.0,4600000.0,900000.0, Approved
3970,1, Not Graduate, No,8300000,20400000,14,348,5600000.0,12500000.0,29100000.0,4700000.0, Rejected
3971,4, Not Graduate, No,4200000,9400000,4,726,10000000.0,8100000.0,16100000.0,5500000.0, Approved
3973,2, Graduate, Yes,9400000,30000000,16,565,1200000.0,3900000.0,28200000.0,9000000.0, Approved
3974,1, Graduate, No,800000,2400000,16,872,2400000.0,1200000.0,1900000.0,900000.0, Approved
3981,1, Not Graduate, Yes,400000,900000,8,828,600000.0,500000.0,1500000.0,300000.0, Approved
3986,1, Not Graduate, Yes,8800000,28600000,8,631,11000000.0,13200000.0,25000000.0,7700000.0, Approved
3988,0, Graduate, Yes,4700000,16200000,16,317,12700000.0,400000.0,9400000.0,2500000.0, Rejected
3990,3, Not Graduate, No,2400000,8200000,10,531,6800000.0,1900000.0,5700000.0,2000000.0, Rejected
3992,0, Graduate, No,3500000,7800000,14,366,6400000.0,3000000.0,13700000.0,4900000.0, Rejected
3993,0, Not Graduate, No,3700000,12700000,14,797,1300000.0,1100000.0,12300000.0,3700000.0, Approved
3997,0, Not Graduate, No,200000,800000,20,331,300000.0,0.0,500000.0,100000.0, Rejected
3998,4, Graduate, No,6900000,16500000,8,426,3900000.0,5200000.0,18300000.0,9000000.0, Rejected
4000,1, Not Graduate, No,6900000,22700000,16,394,3800000.0,4300000.0,27400000.0,8700000.0, Rejected
4004,4, Graduate, Yes,5000000,19600000,18,611,13400000.0,4400000.0,14400000.0,4600000.0, Approved
4006,0, Graduate, No,7900000,22700000,18,508,6600000.0,7000000.0,31600000.0,8900000.0, Rejected
4007,5, Not Graduate, No,5100000,13500000,20,840,1400000.0,5300000.0,14700000.0,4500000.0, Approved
4008,4, Graduate, No,3700000,7600000,14,794,9500000.0,7300000.0,12100000.0,4500000.0, Approved
4009,1, Not Graduate, No,5300000,17800000,12,889,15300000.0,500000.0,14900000.0,6800000.0, Approved
4010,4, Not Graduate, No,200000,500000,16,765,600000.0,100000.0,600000.0,100000.0, Approved
4011,3, Graduate, Yes,9000000,18600000,16,518,18400000.0,17600000.0,28900000.0,10300000.0, Rejected
4012,3, Not Graduate, No,6900000,17100000,4,694,4200000.0,6100000.0,27000000.0,6000000.0, Approved
4013,2, Not Graduate, No,700000,2300000,8,663,700000.0,500000.0,2800000.0,1000000.0, Approved
4015,0, Not Graduate, No,4600000,14400000,14,642,10100000.0,8700000.0,11100000.0,4800000.0, Approved
4019,4, Graduate, Yes,9700000,33300000,12,784,14600000.0,15800000.0,37900000.0,6500000.0, Approved
4023,2, Not Graduate, No,4300000,8800000,6,512,7200000.0,6500000.0,16900000.0,2700000.0, Rejected
4024,0, Not Graduate, No,3800000,13300000,6,655,9600000.0,0.0,8600000.0,2600000.0, Approved
4026,3, Graduate, No,1300000,3100000,14,348,1500000.0,600000.0,3900000.0,600000.0, Rejected
4027,1, Not Graduate, Yes,6800000,16800000,10,736,2000000.0,2600000.0,23800000.0,5600000.0, Approved
4029,0, Graduate, No,3000000,11300000,16,478,5600000.0,2000000.0,9800000.0,2000000.0, Rejected
4030,0, Not Graduate, Yes,1200000,3000000,4,827,3200000.0,600000.0,2300000.0,1500000.0, Approved
4032,5, Graduate, Yes,9700000,24700000,18,648,15100000.0,600000.0,25200000.0,6800000.0, Approved
4033,2, Not Graduate, Yes,7000000,23800000,10,689,8400000.0,5400000.0,15700000.0,7800000.0, Approved
4034,1, Graduate, No,4100000,9100000,20,550,9900000.0,5200000.0,10800000.0,4800000.0, Approved
4035,0, Graduate, Yes,5300000,12900000,20,826,15500000.0,6800000.0,12000000.0,5200000.0, Approved
4036,1, Not Graduate, No,7300000,19200000,14,599,18400000.0,5400000.0,15900000.0,3700000.0, Approved
4039,3, Not Graduate, Yes,5200000,15000000,20,432,6900000.0,5000000.0,15600000.0,5100000.0, Rejected
4040,4, Not Graduate, Yes,2800000,9200000,18,442,5800000.0,4800000.0,8400000.0,1300000.0, Rejected
4044,3, Not Graduate, Yes,5100000,18000000,6,510,13400000.0,6600000.0,17200000.0,7600000.0, Rejected
4045,4, Not Graduate, Yes,4300000,16100000,18,849,3800000.0,6600000.0,17100000.0,6400000.0, Approved
4046,3, Graduate, No,1100000,2100000,8,737,2900000.0,2000000.0,2500000.0,900000.0, Approved
4047,2, Graduate, No,6500000,16200000,10,809,14000000.0,4700000.0,13200000.0,8600000.0, Approved
4048,3, Not Graduate, No,6400000,23000000,8,520,12100000.0,11400000.0,16000000.0,3800000.0, Rejected
4049,2, Not Graduate, No,7400000,22500000,16,834,6400000.0,12600000.0,15700000.0,6000000.0, Approved
4051,0, Not Graduate, No,9200000,24700000,14,438,4800000.0,16000000.0,20600000.0,10700000.0, Rejected
4053,1, Not Graduate, No,1200000,4600000,20,323,2000000.0,1700000.0,2600000.0,1400000.0, Rejected
4054,1, Not Graduate, Yes,7000000,20300000,14,837,7700000.0,2200000.0,19700000.0,5500000.0, Approved
4055,5, Graduate, Yes,3800000,10100000,2,571,7400000.0,6600000.0,12600000.0,3300000.0, Approved
4060,1, Not Graduate, No,4900000,12500000,2,636,14200000.0,6400000.0,13900000.0,5000000.0, Approved
4061,3, Not Graduate, No,5800000,20600000,20,434,8400000.0,2700000.0,22600000.0,7000000.0, Rejected
4062,5, Not Graduate, No,2000000,6900000,18,516,4600000.0,3400000.0,6500000.0,1600000.0, Rejected
4063,4, Graduate, No,8300000,24600000,2,382,1400000.0,1200000.0,16700000.0,6600000.0, Rejected
4065,3, Graduate, No,5500000,11600000,6,745,9400000.0,8000000.0,12800000.0,5400000.0, Approved
4067,4, Graduate, No,3700000,12300000,6,364,5900000.0,4200000.0,13700000.0,4400000.0, Rejected
4068,2, Not Graduate, Yes,2100000,6900000,2,566,700000.0,1500000.0,8100000.0,1000000.0, Approved
4069,4, Not Graduate, No,6200000,21900000,12,462,9400000.0,2000000.0,16600000.0,8300000.0, Rejected
4070,0, Not Graduate, No,9300000,31900000,2,331,7100000.0,11200000.0,23700000.0,8000000.0, Approved
4071,3, Not Graduate, Yes,5100000,10300000,12,839,13400000.0,5400000.0,10700000.0,7500000.0, Approved
4073,3, Graduate, Yes,5300000,17900000,2,580,10200000.0,6400000.0,11600000.0,3600000.0, Approved
4074,3, Graduate, No,900000,2800000,10,560,2700000.0,300000.0,1900000.0,1300000.0, Approved
4078,1, Graduate, Yes,1800000,6300000,12,749,4200000.0,200000.0,3800000.0,2700000.0, Approved
4081,0, Not Graduate, Yes,8300000,17500000,20,643,24800000.0,8900000.0,18800000.0,5100000.0, Approved
4083,2, Not Graduate, No,2300000,5000000,16,588,2000000.0,3500000.0,7000000.0,1500000.0, Approved
4084,3, Graduate, Yes,7700000,22300000,20,895,22200000.0,13300000.0,23900000.0,9100000.0, Approved
4085,0, Not Graduate, Yes,9300000,29400000,10,351,24200000.0,6800000.0,35800000.0,6100000.0, Rejected
4087,5, Not Graduate, Yes,1900000,4900000,4,442,3200000.0,2100000.0,5800000.0,900000.0, Rejected
4088,0, Not Graduate, No,6900000,19500000,20,686,2300000.0,8700000.0,16400000.0,6200000.0, Approved
4092,5, Not Graduate, No,7700000,19000000,2,539,4000000.0,14500000.0,29300000.0,4100000.0, Rejected
4093,1, Graduate, No,700000,1400000,6,759,1000000.0,500000.0,2600000.0,700000.0, Approved
4094,5, Graduate, No,7100000,18200000,8,750,21000000.0,7900000.0,20800000.0,5300000.0, Approved
4095,2, Graduate, No,3900000,13600000,10,373,11600000.0,1000000.0,8400000.0,3600000.0, Rejected
4097,4, Not Graduate, No,5500000,20200000,14,611,13700000.0,5700000.0,15100000.0,7200000.0, Approved
4098,3, Graduate, No,2600000,6300000,10,783,6500000.0,2400000.0,6500000.0,2600000.0, Approved
4101,3, Graduate, No,9000000,22700000,16,793,11700000.0,10800000.0,35000000.0,7000000.0, Approved
4102,4, Graduate, No,400000,800000,16,685,500000.0,300000.0,1300000.0,600000.0, Approved
4103,2, Not Graduate, Yes,3300000,10700000,8,806,5700000.0,600000.0,11500000.0,4900000.0, Approved
4104,1, Not Graduate, No,6300000,17800000,12,770,6000000.0,3000000.0,17000000.0,3200000.0, Approved
4105,0, Not Graduate, No,7000000,23600000,14,663,13800000.0,9100000.0,21300000.0,7200000.0, Approved
4107,3, Not Graduate, No,7600000,26300000,18,580,19100000.0,14600000.0,25500000.0,5100000.0, Approved
4108,1, Graduate, No,8200000,17500000,4,609,4500000.0,5600000.0,24100000.0,7700000.0, Approved
4109,3, Not Graduate, Yes,9200000,23200000,8,380,13100000.0,15500000.0,18900000.0,6100000.0, Rejected
4110,3, Graduate, No,3800000,12100000,20,364,4100000.0,5100000.0,11600000.0,3000000.0, Rejected
4111,1, Graduate, No,3200000,8900000,12,866,5100000.0,700000.0,9900000.0,2400000.0, Approved
4112,4, Not Graduate, No,9700000,31700000,10,342,700000.0,100000.0,36700000.0,12000000.0, Rejected
4113,5, Graduate, No,4700000,14400000,16,884,9900000.0,4400000.0,9300000.0,3800000.0, Approved
4114,4, Graduate, Yes,3800000,12500000,18,859,3900000.0,4600000.0,8200000.0,2700000.0, Approved
4118,1, Graduate, Yes,3500000,13100000,10,477,3200000.0,6200000.0,7500000.0,3100000.0, Rejected
4119,2, Graduate, No,2200000,8300000,6,596,4700000.0,3000000.0,8500000.0,1800000.0, Approved
4123,3, Graduate, No,7800000,21800000,8,517,7700000.0,5100000.0,19500000.0,9100000.0, Rejected
4127,5, Not Graduate, Yes,7500000,20800000,6,617,100000.0,14200000.0,19300000.0,8200000.0, Approved
4130,1, Not Graduate, No,7900000,20800000,18,538,10000000.0,9700000.0,29900000.0,10600000.0, Rejected
4133,2, Graduate, Yes,7800000,25400000,10,513,22100000.0,600000.0,23500000.0,9800000.0, Rejected
4135,5, Graduate, Yes,5700000,15000000,20,819,15500000.0,9800000.0,14100000.0,3400000.0, Approved
4137,4, Graduate, Yes,7100000,18200000,4,790,2500000.0,2200000.0,25500000.0,9600000.0, Approved
4138,3, Graduate, Yes,1300000,4800000,14,808,3100000.0,2000000.0,5100000.0,1500000.0, Approved
4139,2, Not Graduate, No,5200000,16800000,18,369,5400000.0,8600000.0,17000000.0,6800000.0, Rejected
4140,3, Graduate, No,5600000,20300000,4,330,16100000.0,5100000.0,15300000.0,4200000.0, Approved
4146,0, Graduate, No,3100000,6500000,2,391,100000.0,3800000.0,9900000.0,2400000.0, Rejected
4147,2, Graduate, Yes,9700000,35100000,20,612,13400000.0,13500000.0,38200000.0,6500000.0, Approved
4148,0, Not Graduate, Yes,5800000,12600000,2,859,13500000.0,4700000.0,21200000.0,4500000.0, Approved
4150,5, Not Graduate, No,700000,2800000,2,561,900000.0,400000.0,1900000.0,800000.0, Approved
4151,3, Graduate, No,2300000,5600000,18,420,1300000.0,600000.0,6700000.0,2100000.0, Rejected
4152,3, Not Graduate, No,1600000,3300000,8,609,4700000.0,100000.0,6000000.0,800000.0, Approved
4153,4, Not Graduate, No,8100000,19300000,14,821,16500000.0,8500000.0,25800000.0,8300000.0, Approved
4155,4, Graduate, No,1500000,3400000,10,778,3800000.0,300000.0,4000000.0,2200000.0, Approved
4156,3, Not Graduate, No,7400000,23500000,2,460,20600000.0,12200000.0,25900000.0,9200000.0, Approved
4157,4, Not Graduate, Yes,8900000,27100000,18,363,7800000.0,9600000.0,25400000.0,12700000.0, Rejected
4159,5, Graduate, No,5600000,20300000,4,772,10600000.0,6000000.0,13600000.0,7600000.0, Approved
4161,1, Graduate, No,1600000,3300000,2,513,400000.0,1300000.0,4600000.0,2200000.0, Rejected
4162,5, Not Graduate, No,1100000,4000000,2,362,1800000.0,1300000.0,3500000.0,1100000.0, Approved
4165,1, Graduate, Yes,6400000,16400000,20,555,6000000.0,2500000.0,20100000.0,7400000.0, Approved
4166,4, Not Graduate, Yes,8200000,17300000,12,588,9700000.0,1200000.0,20700000.0,4800000.0, Approved
4167,1, Graduate, No,500000,1300000,14,619,1500000.0,100000.0,2000000.0,500000.0, Approved
4168,0, Graduate, No,9700000,31600000,18,607,24300000.0,7900000.0,32400000.0,7500000.0, Approved
4169,3, Not Graduate, Yes,7100000,16700000,4,435,1700000.0,9600000.0,24300000.0,6200000.0, Rejected
4170,4, Not Graduate, Yes,1400000,3400000,14,835,3100000.0,100000.0,4100000.0,2100000.0, Approved
4174,0, Not Graduate, Yes,8800000,29800000,8,343,20000000.0,4900000.0,33300000.0,12200000.0, Rejected
4176,3, Not Graduate, Yes,6900000,17900000,18,494,7700000.0,11200000.0,15400000.0,8700000.0, Rejected
4179,1, Not Graduate, Yes,3600000,13400000,16,732,5200000.0,6700000.0,7300000.0,3300000.0, Approved
4181,3, Not Graduate, Yes,9700000,30800000,18,471,12700000.0,3800000.0,37300000.0,10400000.0, Rejected
4183,1, Not Graduate, No,400000,1600000,16,784,800000.0,700000.0,700000.0,100000.0, Approved
4184,2, Graduate, No,6600000,21500000,18,471,13700000.0,9800000.0,17100000.0,4800000.0, Rejected
4185,2, Graduate, No,1500000,3300000,4,763,300000.0,1200000.0,5400000.0,700000.0, Approved
4187,3, Not Graduate, Yes,4000000,8600000,4,667,11500000.0,6300000.0,15300000.0,3500000.0, Approved
4189,4, Graduate, No,5800000,18500000,16,436,1400000.0,5500000.0,17100000.0,6500000.0, Rejected
4194,5, Graduate, Yes,8900000,19100000,20,329,13300000.0,11400000.0,29500000.0,10000000.0, Rejected
4195,5, Not Graduate, Yes,2100000,4900000,12,651,2500000.0,2100000.0,6100000.0,1800000.0, Approved
4197,2, Graduate, Yes,7800000,28900000,14,646,1800000.0,1800000.0,17700000.0,11000000.0, Approved
4198,3, Not Graduate, Yes,8600000,23200000,12,894,22100000.0,13900000.0,29200000.0,4500000.0, Approved
4200,5, Not Graduate, No,600000,2000000,20,811,300000.0,400000.0,1900000.0,600000.0, Approved
4205,2, Graduate, No,1100000,2500000,20,615,2800000.0,1700000.0,2300000.0,1300000.0, Approved
4206,2, Not Graduate, No,8900000,17800000,20,603,3300000.0,17600000.0,29000000.0,13100000.0, Approved
4208,4, Not Graduate, Yes,2300000,5800000,8,469,6100000.0,4200000.0,7900000.0,2400000.0, Rejected
4210,4, Graduate, No,900000,2700000,20,327,400000.0,1200000.0,2200000.0,1200000.0, Rejected
4211,3, Not Graduate, Yes,9200000,35000000,4,716,1100000.0,10200000.0,33600000.0,11400000.0, Approved
4213,0, Not Graduate, No,200000,600000,12,683,400000.0,200000.0,400000.0,0.0, Approved
4215,5, Not Graduate, No,7800000,27000000,6,728,4400000.0,13100000.0,18500000.0,7400000.0, Approved
4216,1, Graduate, No,8300000,30000000,18,350,12800000.0,10800000.0,23800000.0,9400000.0, Rejected
4218,5, Not Graduate, Yes,400000,1400000,4,483,1100000.0,700000.0,800000.0,100000.0, Approved
4219,3, Graduate, Yes,7700000,21800000,18,684,100000.0,600000.0,15600000.0,5500000.0, Approved
4220,4, Graduate, Yes,5600000,16500000,20,692,14500000.0,7800000.0,18000000.0,7400000.0, Approved
4221,0, Graduate, No,8400000,31000000,4,783,19000000.0,13300000.0,30600000.0,6900000.0, Approved
4227,5, Graduate, Yes,700000,2600000,2,869,1100000.0,500000.0,1400000.0,500000.0, Approved
4228,4, Graduate, Yes,400000,1400000,2,496,400000.0,200000.0,1100000.0,400000.0, Approved
4229,1, Graduate, Yes,3200000,9300000,6,483,6700000.0,1900000.0,7800000.0,3600000.0, Rejected
4231,2, Not Graduate, No,3700000,13500000,4,820,4700000.0,1600000.0,14000000.0,5300000.0, Approved
4233,1, Graduate, Yes,200000,500000,20,713,0.0,200000.0,500000.0,100000.0, Approved
4234,1, Not Graduate, No,7100000,17000000,6,754,1100000.0,500000.0,27000000.0,6800000.0, Approved
4235,3, Not Graduate, Yes,1500000,5100000,14,837,4100000.0,1000000.0,3300000.0,1400000.0, Approved
4236,0, Not Graduate, No,3000000,6500000,2,691,7800000.0,4500000.0,8900000.0,2500000.0, Approved
4238,0, Not Graduate, No,9100000,30100000,8,322,26200000.0,9500000.0,18800000.0,5900000.0, Rejected
4239,0, Not Graduate, No,2200000,7500000,2,333,3400000.0,600000.0,6200000.0,1500000.0, Approved
4240,0, Not Graduate, Yes,8400000,23000000,14,455,400000.0,13400000.0,29800000.0,9400000.0, Rejected
4241,1, Graduate, Yes,400000,700000,10,787,1000000.0,200000.0,1600000.0,500000.0, Approved
4242,2, Graduate, Yes,5600000,15800000,16,748,10300000.0,100000.0,21700000.0,6300000.0, Approved
4244,0, Not Graduate, Yes,1600000,3400000,8,867,-100000.0,2700000.0,4300000.0,1300000.0, Approved
4246,5, Not Graduate, Yes,6500000,23900000,2,507,500000.0,10200000.0,15900000.0,8000000.0, Approved
4248,3, Not Graduate, No,3100000,9800000,12,820,6400000.0,5200000.0,10900000.0,4400000.0, Approved
4249,4, Graduate, Yes,5300000,14500000,4,352,12600000.0,4900000.0,10500000.0,3500000.0, Rejected
4250,4, Graduate, No,1100000,4000000,14,887,2400000.0,1500000.0,4200000.0,1600000.0, Approved
4252,0, Graduate, Yes,6100000,14600000,18,645,14500000.0,200000.0,23000000.0,4600000.0, Approved
4253,3, Not Graduate, No,4100000,14100000,10,300,7600000.0,2100000.0,8400000.0,2200000.0, Rejected
4254,5, Graduate, Yes,7000000,26200000,12,896,13100000.0,6600000.0,23600000.0,5700000.0, Approved
4256,4, Graduate, No,4800000,12000000,6,441,8400000.0,1300000.0,18200000.0,3200000.0, Rejected
4258,0, Graduate, No,9700000,27500000,18,343,13400000.0,16500000.0,20000000.0,8200000.0, Rejected
4259,5, Graduate, Yes,9700000,22600000,16,346,23500000.0,12900000.0,26800000.0,13000000.0, Rejected
4260,0, Not Graduate, Yes,4500000,11500000,14,509,13400000.0,2300000.0,15400000.0,5900000.0, Rejected
4261,5, Graduate, No,8800000,29300000,10,560,16800000.0,13900000.0,31100000.0,9900000.0, Approved
4262,3, Graduate, Yes,3000000,7500000,6,881,1400000.0,4500000.0,6100000.0,2300000.0, Approved
4264,3, Graduate, No,5000000,12700000,14,865,4700000.0,8100000.0,19500000.0,6300000.0, Approved
4266,0, Not Graduate, Yes,3300000,11300000,20,559,4200000.0,2900000.0,11000000.0,1900000.0, Approved
4267,2, Not Graduate, No,6500000,23900000,18,457,1200000.0,12400000.0,18100000.0,7300000.0, Rejected
4268,1, Not Graduate, No,4100000,12800000,8,780,8200000.0,700000.0,14100000.0,5800000.0, Approved
